ma_san_pham,ten_san_pham,gia,gia_goc,ty_le_giam,luot_ban,danh_gia,nganh_hang,nen_tang,shop,url,da_kiem_tra_gia_ao
13920941,Combo Doraemon - Truyện Dài (Trọn Bộ 24 Cuốn) - Tái Bản,529200.0,597000.0,0.11,4947,5.0,Sách tiếng Việt,Tiki,Tiki,https://tiki.vn/combo-doraemon-truyen-dai-tron-bo-24-cuon-tai-ban-p13920941.html?spid=13920942,True
1080002,Sách Boxset Harry Potter - Tiếng Việt (Trọn Bộ 7 Tập),1473000.0,1750000.0,0.16,10884,4.7,Sách tiếng Việt,Tiki,Tiki,https://tiki.vn/sach-boxset-harry-potter-tieng-viet-tron-bo-7-tap-p1080002.html?spid=1080024,True
273182700,Combo Dragon Ball Super,662400.0,690000.0,0.04,136,5.0,Sách tiếng Việt,Tiki,Tiki,https://tiki.vn/combo-dragon-ball-super-p273182700.html?spid=277815791,True
176831144,Combo 23 Tập Thanh Gươm Diệt Quỷ (Tập 1-23),662400.0,690000.0,0.04,342,5.0,Sách tiếng Việt,Tiki,Tiki,https://tiki.vn/combo-23-tap-thanh-guom-diet-quy-tap-1-23-p176831144.html?spid=176831145,True
19824204,Combo Doraemon Truyện Ngắn (45 Tập) - Tái Bản,982800.0,1122000.0,0.12,3076,4.8,Sách tiếng Việt,Tiki,Tiki,https://tiki.vn/combo-doraemon-truyen-ngan-45-tap-tai-ban-p19824204.html?spid=19824205,True
279651026,Bộ Truyện BlueLock,864500.0,910000.0,0.05,8,5.0,Sách tiếng Việt,Tiki,Tiki,https://tiki.vn/bo-truyen-bluelock-p279651026.html?spid=278095444,True
277447120,[5 REAMS] Thùng 5 Ream Giấy A4 Deli Giấy In Photo Copy 70gsm Chính Hãng Loại Dày 2500 Tờ Chống Lóa Giấy Mắt,621000.0,621000.0,0.0,112,5.0,Sách tiếng Việt,Tiki,Tiki,https://tiki.vn/thung-5-ream-giay-a4-deli-giay-in-photo-copy-70gsm-chinh-hang-loai-day-ream-500-to-chong-loa-giay-mat-p277447120.html?spid=277447121,True
104769768,Máy Tính CASIO FX580VN X-PK (Màu,744000.0,950000.0,0.22,5133,5.0,Sách tiếng Việt,Tiki,Tiki,https://tiki.vn/may-tinh-casio-fx580vn-x-p104769768.html?spid=104769772,True
509618,Combo Dragon Ball (Trọn Bộ 42 Tập),1192250.0,1260000.0,0.05,3094,4.8,Sách tiếng Việt,Tiki,Tiki,https://tiki.vn/combo-dragon-ball-tron-bo-42-tap-p509618.html?spid=226387,True
278706972,Combo Itto – Sóng Gió Cầu Trường (26 Tập),617500.0,650000.0,0.05,61,5.0,Sách tiếng Việt,Tiki,Tiki,https://tiki.vn/combo-itto-song-gio-cau-truong-26-tap-p278706972.html?spid=278706973,True
130230756,Combo Trọn Bộ 31 Tập: Siêu Quậy Teppei,736250.0,775000.0,0.05,340,5.0,Sách tiếng Việt,Tiki,Tiki,https://tiki.vn/combo-tron-bo-31-tap-sieu-quay-teppei-p130230756.html?spid=130230757,True
274145959,Combo Truyện - Haikyu,570000.0,600000.0,0.05,143,4.5,Sách tiếng Việt,Tiki,Tiki,https://tiki.vn/haikyu-premium-boxset-p274145959.html?spid=277931540,True
21767618,Combo One Piece (101 Tập) (Tái Bản),2695500.0,3020000.0,0.11,124,4.6,Sách tiếng Việt,Tiki,Tiki,https://tiki.vn/combo-one-piece-90-tap-tai-ban-p21767618.html?spid=21767619,True
279022301,Frieren - Pháp Sư Tiễn Táng Trọn Bộ 13 Tập,555750.0,585000.0,0.05,5,5.0,Sách tiếng Việt,Tiki,Tiki,https://tiki.vn/frieren-phap-su-tien-tang-tron-bo-12-tap-p279022301.html?spid=279022302,True
278729097,Premium Boxset Thanh Gươm Diệt Quỷ - Kimetsu No Yaiba (Hộp 23 Tập),892000.0,920000.0,0.03,37,4.8,Sách tiếng Việt,Tiki,Tiki,https://tiki.vn/premium-boxset-thanh-guom-diet-quy-kimetsu-no-yaiba-hop-23-tap-p278729097.html?spid=278729100,True
272457463, Trọn Bộ 42 tập Dragon Ball - 7 Viên Ngọc Rồng,1450000.0,1450000.0,0.0,10,0.0,Sách tiếng Việt,Tiki,Tiki,https://tiki.vn/tron-bo-42-tap-dragon-ball-7-vien-ngoc-rong-p272457463.html?spid=272457464,True
279645260,Điện thoại Xiaomi Redmi 17 (6GB/256GB) - Hàng chính hãng,7490000.0,7490000.0,0.0,0,0.0,Điện thoại - Máy tính bảng,Tiki,Tiki,https://tiki.vn/dien-thoai-xiaomi-redmi-17-6gb-256gb-hang-chinh-hang-p279645260.html?spid=279645264,True
279645250,Điện thoại Xiaomi Redmi 17 5G (4GB/128GB) - Hàng chính hãng,6490000.0,6490000.0,0.0,0,0.0,Điện thoại - Máy tính bảng,Tiki,Tiki,https://tiki.vn/dien-thoai-xiaomi-redmi-17-5g-4gb-128gb-hang-chinh-hang-p279645250.html?spid=279645252,True
279638770,Điện Thoại Xiaomi Redmi 17 6GB/256GB - Hàng Chính Hãng,6579000.0,7490000.0,0.12,0,0.0,Điện thoại - Máy tính bảng,Tiki,Tiki,https://tiki.vn/dien-thoai-xiaomi-redmi-17-6gb-256gb-hang-chinh-hang-p279638770.html?spid=279638772,True
279638757,Điện Thoại Oppo A6t Pro 8GB/128GB - Hàng Chính Hãng,8399000.0,8990000.0,0.07,0,0.0,Điện thoại - Máy tính bảng,Tiki,Tiki,https://tiki.vn/dien-thoai-oppo-a6t-pro-8gb-128gb-hang-chinh-hang-p279638757.html?spid=279638759,True
279576348,Điện thoại Xiaomi Redmi A7 (3GB/64GB) - Hàng chính hãng,3890000.0,3890000.0,0.0,0,0.0,Điện thoại - Máy tính bảng,Tiki,Tiki,https://tiki.vn/dien-thoai-xiaomi-redmi-a7-3gb-64gb-hang-chinh-hang-p279576348.html?spid=279576352,True
279564458,Điện Thoại Xiaomi Redmi Note 15 Pro 5G 8GB/256GB - Hàng Chính Hãng,8729000.0,10490000.0,0.17,0,0.0,Điện thoại - Máy tính bảng,Tiki,Tiki,https://tiki.vn/dien-thoai-xiaomi-redmi-note-15-pro-5g-8gb-256gb-hang-chinh-hang-p279564458.html?spid=279564460,True
279564330,Điện Thoại Realme Note 80 4GB/64GB - Hàng Chính Hãng,3559000.0,3990000.0,0.11,0,0.0,Điện thoại - Máy tính bảng,Tiki,Tiki,https://tiki.vn/dien-thoai-realme-note-80-4gb-64gb-hang-chinh-hang-p279564330.html?spid=279564332,True
279551576,"Điện thoại Samsung Galaxy A27 5G (6GB + 128GB) | Màn hình 6.7"" FHD+ | Pin 5000mAh | Snapdragon 6 Gen 3 - Hàng chính hãng",7490000.0,7990000.0,0.06,80,0.0,Điện thoại - Máy tính bảng,Tiki,Tiki,https://tiki.vn/dien-thoai-samsung-galaxy-a27-5g-6gb-128gb-man-hinh-6-7-fhd-pin-5000mah-snapdragon-6-gen-3-hang-chinh-hang-p279551576.html?spid=279551573,True
279528897,Điện Thoại Oppo Reno16 F 5G 8GB/256GB - Hàng Chính Hãng,13439000.0,15990000.0,0.16,0,0.0,Điện thoại - Máy tính bảng,Tiki,Tiki,https://tiki.vn/dien-thoai-oppo-reno16-f-5g-8gb-256gb-hang-chinh-hang-p279528897.html?spid=279528903,True
279509688,Điện thoại Samsung Galaxy A27 5G (6GB/128GB) - Hàng chính hãng,8509000.0,8509000.0,0.0,0,0.0,Điện thoại - Máy tính bảng,Tiki,Tiki,https://tiki.vn/dien-thoai-samsung-galaxy-a27-5g-6gb-128gb-hang-chinh-hang-p279509688.html?spid=279509690,True
279506750,Điện Thoại Samsung Galaxy A27 5G 6GB/128GB - Hàng Chính Hãng,7899000.0,8490000.0,0.07,0,0.0,Điện thoại - Máy tính bảng,Tiki,Tiki,https://tiki.vn/dien-thoai-samsung-galaxy-a27-5g-6gb-128gb-hang-chinh-hang-p279506750.html?spid=279506756,True
279506734,Điện Thoại Realme C85 6GB/128GB - Hàng Chính Hãng,4599000.0,5690000.0,0.19,0,0.0,Điện thoại - Máy tính bảng,Tiki,Tiki,https://tiki.vn/dien-thoai-realme-c85-6gb-128gb-hang-chinh-hang-p279506734.html?spid=279506740,True
279505709,Điện Thoại Oppo A6c 4GB/64GB - Hàng Chính Hãng,4139000.0,4690000.0,0.12,0,0.0,Điện thoại - Máy tính bảng,Tiki,Tiki,https://tiki.vn/dien-thoai-oppo-a6c-4gb-64gb-hang-chinh-hang-p279505709.html?spid=279505711,True
279505643,Điện thoại Xiaomi 17T Pro 5G (12GB/512GB) - Hàng chính hãng,24990000.0,24990000.0,0.0,0,0.0,Điện thoại - Máy tính bảng,Tiki,Tiki,https://tiki.vn/dien-thoai-xiaomi-17t-pro-5g-12gb-512gb-hang-chinh-hang-p279505643.html?spid=279505647,True
279505636,Máy Tính Bảng Xiaomi Redmi Pad 2 Wifi 4GB/64GB Bản 9.7 Inches - Hàng Chính Hãng,4299000.0,4990000.0,0.14,1,0.0,Điện thoại - Máy tính bảng,Tiki,Tiki,https://tiki.vn/may-tinh-bang-xiaomi-redmi-pad-2-wifi-4gb-64gb-ban-9-7-inches-hang-chinh-hang-p279505636.html?spid=279505638,True
279505495,Máy Tính Bảng Xiaomi Redmi Pad 2 Wifi 4GB/128GB - Hàng Chính Hãng,4989000.0,5290000.0,0.06,0,0.0,Điện thoại - Máy tính bảng,Tiki,Tiki,https://tiki.vn/may-tinh-bang-xiaomi-redmi-pad-2-wifi-4gb-128gb-hang-chinh-hang-p279505495.html?spid=279505497,True
279504673,"Máy tính bảng Xiaomi Redmi Pad 8 11.2"" Wifi (8GB/128GB) - Hàng chính hãng",11990000.0,11990000.0,0.0,0,0.0,Điện thoại - Máy tính bảng,Tiki,Tiki,https://tiki.vn/may-tinh-bang-xiaomi-redmi-pad-8-11-2-wifi-8gb-128gb-hang-chinh-hang-p279504673.html?spid=279504677,True
279503826,Điện thoại Xiaomi 17T 5G (12GB/512GB) -  Hàng chính hãng,20990000.0,20990000.0,0.0,0,0.0,Điện thoại - Máy tính bảng,Tiki,Tiki,https://tiki.vn/dien-thoai-xiaomi-17t-5g-12gb-512gb-hang-chinh-hang-p279503826.html?spid=279503830,True
279503231,Điện Thoại Xiaomi Redmi Note 15 8GB/128GB - Hàng Chính Hãng,5899000.0,6490000.0,0.09,0,0.0,Điện thoại - Máy tính bảng,Tiki,Tiki,https://tiki.vn/dien-thoai-xiaomi-redmi-note-15-8gb-128gb-hang-chinh-hang-p279503231.html?spid=279503233,True
279418684,Điện Thoại Xiaomi Redmi 15 5G 4GB/128GB - Hàng Chính Hãng,4439000.0,5690000.0,0.22,0,0.0,Điện thoại - Máy tính bảng,Tiki,Tiki,https://tiki.vn/dien-thoai-xiaomi-redmi-15-5g-4gb-128gb-hang-chinh-hang-p279418684.html?spid=279418686,True
279418664,Điện Thoại Xiaomi 17T 5G 12GB/512GB - Hàng Chính Hãng,14849000.0,20990000.0,0.29,0,0.0,Điện thoại - Máy tính bảng,Tiki,Tiki,https://tiki.vn/dien-thoai-xiaomi-17t-5g-12gb-512gb-hang-chinh-hang-p279418664.html?spid=279418666,True
279418637,Điện Thoại Xiaomi 17T Pro 5G 12GB/512GB - Hàng Chính Hãng,19979000.0,24990000.0,0.2,0,0.0,Điện thoại - Máy tính bảng,Tiki,Tiki,https://tiki.vn/dien-thoai-xiaomi-17t-pro-5g-12gb-512gb-hang-chinh-hang-p279418637.html?spid=279418641,True
279395979,Điện thoại realme Note 80 4GB/64GB - Hàng Chính Hãng,3250000.0,3250000.0,0.0,0,0.0,Điện thoại - Máy tính bảng,Tiki,Tiki,https://tiki.vn/dien-thoai-realme-note-80-4gb-64gb-hang-chinh-hang-p279395979.html?spid=279395981,True
279319829,Điện thoại Xiaomi Redmi 15 5G (8GB/256GB) - Hàng chính hãng,6690000.0,6690000.0,0.0,0,0.0,Điện thoại - Máy tính bảng,Tiki,Tiki,https://tiki.vn/dien-thoai-xiaomi-redmi-15-5g-8gb-256gb-hang-chinh-hang-p279319829.html?spid=279319834,True
279307767,Điện Thoại Realme C85 8GB/128GB - Hàng Chính Hãng,4899000.0,6290000.0,0.22,2,3.0,Điện thoại - Máy tính bảng,Tiki,Tiki,https://tiki.vn/dien-thoai-realme-c85-8gb-128gb-hang-chinh-hang-p279307767.html?spid=279307769,True
279174132,Máy Tính Bảng Samsung Galaxy Tab A11 Wifi 4GB/64GB - Hàng Chính Hãng,3990000.0,3990000.0,0.0,1,0.0,Điện thoại - Máy tính bảng,Tiki,Tiki,https://tiki.vn/may-tinh-bang-samsung-galaxy-tab-a11-wifi-4gb-64gb-hang-chinh-hang-p279174132.html?spid=279174136,True
279075629,Điện Thoại Xiaomi Redmi 15C 4GB/128GB - Hàng Chính Hãng,3899000.0,4690000.0,0.17,4,0.0,Điện thoại - Máy tính bảng,Tiki,Tiki,https://tiki.vn/dien-thoai-xiaomi-redmi-15c-4gb-128gb-hang-chinh-hang-p279075629.html?spid=279075631,True
279074841,Điện Thoại Xiaomi POCO C85 6GB/128GB - Hàng Chính Hãng,4299000.0,4690000.0,0.08,3,0.0,Điện thoại - Máy tính bảng,Tiki,Tiki,https://tiki.vn/dien-thoai-xiaomi-poco-c85-6gb-128gb-hang-chinh-hang-p279074841.html?spid=279074847,True
278592403,Điện thoại Samsung Galaxy A07 LTE (4GB/64GB) - Hàng chính hãng,3890000.0,3890000.0,0.0,0,0.0,Điện thoại - Máy tính bảng,Tiki,Tiki,https://tiki.vn/dien-thoai-samsung-galaxy-a07-lte-4gb-64gb-hang-chinh-hang-p278592403.html?spid=278592409,True
276509102,Máy tính bảng Masstel Tab 10A 10.1 inch (3GB/32GB) - Hàng chính hãng,1990000.0,1990000.0,0.0,0,0.0,Điện thoại - Máy tính bảng,Tiki,Tiki,https://tiki.vn/may-tinh-bang-masstel-tab-10a-10-1-inch-3gb-32gb-hang-chinh-hang-p276509102.html?spid=276509104,True
198868735,Điện thoại IP Grandstream GRP 2601 hàng chính hãng,880000.0,880000.0,0.0,0,0.0,Điện thoại - Máy tính bảng,Tiki,Tiki,https://tiki.vn/dien-thoai-ip-grandstream-grp-2601-hang-chinh-hang-p198868735.html?spid=262386115,True
181928208,Điện thoại bàn Panasonic KX-TGC310 hàng chính hãng,972000.0,972000.0,0.0,57,5.0,Điện thoại - Máy tính bảng,Tiki,Tiki,https://tiki.vn/dien-thoai-ban-panasonic-kx-tgc310-hang-chinh-hang-p181928208.html?spid=181928209,True
181927736,Điện thoại bàn Panasonix KX-TGD312 hàng chính hãng,1850000.0,1850000.0,0.0,28,5.0,Điện thoại - Máy tính bảng,Tiki,Tiki,https://tiki.vn/dien-thoai-ban-panasonix-kx-tgd312-hang-chinh-hang-p181927736.html?spid=181927737,True
172537996,"(Hàng chính hãng) Điện thoại bàn hữu tuyến H2P, hiệu Alcatel - Lucent",2220000.0,2220000.0,0.0,0,0.0,Điện thoại - Máy tính bảng,Tiki,Tiki,https://tiki.vn/dien-thoai-ban-huu-tuyen-h2p-hieu-alcatel-lucent-p172537996.html?spid=172537997,True
117347869,ĐIỆN THOẠI HỘI NGHỊ YEALINK CP960 -HÀNG CHÍNH HÃNG,15230000.0,15230000.0,0.0,0,0.0,Điện thoại - Máy tính bảng,Tiki,Tiki,https://tiki.vn/dien-thoai-hoi-nghi-yealink-cp960-p117347869.html?spid=125595231,True
102620086,Điện thoại VoIP Yealink SIP-T30 - Hàng Chính Hãng,1200000.0,1200000.0,0.0,0,0.0,Điện thoại - Máy tính bảng,Tiki,Tiki,https://tiki.vn/dien-thoai-voip-yealink-sip-t30-hang-chinh-hang-p102620086.html?spid=102620089,True
94453667,Điện thoại VoIP Yealink SIP-T30,1050000.0,1050000.0,0.0,0,0.0,Điện thoại - Máy tính bảng,Tiki,Tiki,https://tiki.vn/dien-thoai-voip-yealink-sip-t30-p94453667.html?spid=94453668,True
53380152,Điện Thoại IP Phone Fanvil X1S - Hàng Chính Hãng,950000.0,950000.0,0.0,0,0.0,Điện thoại - Máy tính bảng,Tiki,Tiki,https://tiki.vn/dien-thoai-ip-phone-fanvil-x1s-hang-chinh-hang-p53380152.html?spid=68169992,True
29440849,điện thoại  IP622C - hàng chính hãng,1650000.0,1650000.0,0.0,0,0.0,Điện thoại - Máy tính bảng,Tiki,Tiki,https://tiki.vn/dien-thoai-ip622c-hang-chinh-hang-p29440849.html?spid=29440850,True
279463314,Điện thoại Xiaomi Redmi Note 15 (8GB/128GB) - Hàng chính hãng,6490000.0,6490000.0,0.0,0,0.0,Điện thoại - Máy tính bảng,Tiki,Tiki,https://tiki.vn/dien-thoai-xiaomi-redmi-note-15-8gb-128gb-hang-chinh-hang-p279463314.html?spid=279463318,True
279418598,Điện Thoại Samsung Galaxy A07 5G 4GB/128GB - Hàng Chính Hãng,4299000.0,4590000.0,0.06,0,0.0,Điện thoại - Máy tính bảng,Tiki,Tiki,https://tiki.vn/dien-thoai-samsung-galaxy-a07-5g-4gb-128gb-hang-chinh-hang-p279418598.html?spid=279418600,True
279402741,Điện thoại Samsung Galaxy A07 5G (4GB/64GB) - Hàng chính hãng,4690000.0,4690000.0,0.0,0,0.0,Điện thoại - Máy tính bảng,Tiki,Tiki,https://tiki.vn/dien-thoai-samsung-galaxy-a07-5g-4gb-64gb-hang-chinh-hang-p279402741.html?spid=279402747,True
279389858,Điện thoại Xiaomi Redmi A7 Pro (4GB/64GB) - Hàng chính hãng,4190000.0,4190000.0,0.0,0,0.0,Điện thoại - Máy tính bảng,Tiki,Tiki,https://tiki.vn/dien-thoai-xiaomi-redmi-a7-pro-hang-chinh-hang-p279389858.html?spid=279389860,True
279280385,Điện thoại Xiaomi Redmi Note 15 Pro (8GB/256GB) - Hàng chính hãng,8990000.0,8990000.0,0.0,0,0.0,Điện thoại - Máy tính bảng,Tiki,Tiki,https://tiki.vn/dien-thoai-xiaomi-redmi-note-15-pro-8gb-256gb-hang-chinh-hang-p279280385.html?spid=279280389,True
279278848,Điện thoại Samsung Galaxy A37 5G (8GB/128GB) - Hàng chính hãng,10790000.0,10790000.0,0.0,0,0.0,Điện thoại - Máy tính bảng,Tiki,Tiki,https://tiki.vn/dien-thoai-samsung-galaxy-a37-5g-8gb-128gb-hang-chinh-hang-p279278848.html?spid=279278852,True
279277445,Điện thoại Samsung Galaxy S26+ (12GB/512GB) - Hàng chính hãng,35990000.0,35990000.0,0.0,0,0.0,Điện thoại - Máy tính bảng,Tiki,Tiki,https://tiki.vn/dien-thoai-samsung-galaxy-s26-12gb-512gb-hang-chinh-hang-p279277445.html?spid=279277449,True
279277056,Điện thoại Samsung Galaxy S26+ (12GB/256GB) - Hàng chính hãng,29990000.0,29990000.0,0.0,0,0.0,Điện thoại - Máy tính bảng,Tiki,Tiki,https://tiki.vn/dien-thoai-samsung-galaxy-s26-12gb-256gb-hang-chinh-hang-p279277056.html?spid=279277060,True
279255062,Máy Tính Bảng Xiaomi Redmi Pad 2 Wifi 6GB/128GB - Hàng Chính Hãng,6129000.0,6690000.0,0.08,0,0.0,Điện thoại - Máy tính bảng,Tiki,Tiki,https://tiki.vn/may-tinh-bang-xiaomi-redmi-pad-2-wifi-6gb-128gb-hang-chinh-hang-p279255062.html?spid=279255066,True
279254739,Điện Thoại Xiaomi Redmi 15 5G 8GB/256GB - Hàng Chính Hãng,6279000.0,6690000.0,0.06,2,5.0,Điện thoại - Máy tính bảng,Tiki,Tiki,https://tiki.vn/dien-thoai-xiaomi-redmi-15-5g-8gb-256gb-hang-chinh-hang-p279254739.html?spid=279254741,True
279247627,Điện thoại Xiaomi Redmi 15 5G (4GB/128GB) - Hàng chính hãng,5690000.0,5690000.0,0.0,0,0.0,Điện thoại - Máy tính bảng,Tiki,Tiki,https://tiki.vn/dien-thoai-xiaomi-redmi-15-5g-4gb-128gb-hang-chinh-hang-p279247627.html?spid=279247629,True
279212199,Điện thoại Samsung Galaxy A17 5G (4GB/128GB) - Hàng chính hãng,6190000.0,6190000.0,0.0,0,0.0,Điện thoại - Máy tính bảng,Tiki,Tiki,https://tiki.vn/dien-thoai-samsung-galaxy-a17-5g-4gb-128gb-hang-chinh-hang-p279212199.html?spid=279212205,True
279076946,Điện Thoại Xiaomi Redmi Note 15 6GB/128GB - Hàng Chính Hãng,5069000.0,5990000.0,0.15,1,0.0,Điện thoại - Máy tính bảng,Tiki,Tiki,https://tiki.vn/dien-thoai-xiaomi-redmi-note-15-6gb-128gb-hang-chinh-hang-p279076946.html?spid=279076950,True
279076844,Điện Thoại Xiaomi Redmi Note 15 5G 6GB/128GB - Hàng Chính Hãng,6139000.0,7490000.0,0.18,1,5.0,Điện thoại - Máy tính bảng,Tiki,Tiki,https://tiki.vn/dien-thoai-xiaomi-redmi-note-15-5g-6gb-128gb-hang-chinh-hang-p279076844.html?spid=279076846,True
279076808,Điện Thoại Xiaomi Redmi Note 15 Pro 12GB/256GB - Hàng Chính Hãng,8269000.0,10090000.0,0.18,0,0.0,Điện thoại - Máy tính bảng,Tiki,Tiki,https://tiki.vn/dien-thoai-xiaomi-redmi-note-15-pro-12gb-256gb-hang-chinh-hang-p279076808.html?spid=279076812,True
279075921,Điện Thoại Oppo A6t 4GB/128GB - Hàng Chính Hãng,5349000.0,5490000.0,0.03,0,0.0,Điện thoại - Máy tính bảng,Tiki,Tiki,https://tiki.vn/dien-thoai-oppo-a6t-4gb-128gb-hang-chinh-hang-p279075921.html?spid=279075925,True
279073981,Điện thoại Xiaomi Redmi Note 15 5G (6GB/128GB) - Hàng chính hãng,7490000.0,7490000.0,0.0,0,0.0,Điện thoại - Máy tính bảng,Tiki,Tiki,https://tiki.vn/dien-thoai-xiaomi-redmi-note-15-5g-6gb-128gb-hang-chinh-hang-p279073981.html?spid=279073987,True
279073856,Điện thoại Xiaomi Redmi Note 15 (6GB/128GB) - Hàng chính hãng,5990000.0,5990000.0,0.0,0,0.0,Điện thoại - Máy tính bảng,Tiki,Tiki,https://tiki.vn/dien-thoai-xiaomi-redmi-note-15-6gb-128gb-hang-chinh-hang-p279073856.html?spid=279073860,True
278834233,Điện Thoại Xiaomi Redmi Note 14 8GB/256GB - Hàng Chính Hãng,5979000.0,6190000.0,0.03,0,0.0,Điện thoại - Máy tính bảng,Tiki,Tiki,https://tiki.vn/dien-thoai-xiaomi-redmi-note-14-8gb-256gb-hang-chinh-hang-p278834233.html?spid=278834239,True
278834052,Điện Thoại Xiaomi Redmi Note 14 8GB/128GB - Hàng Chính Hãng,4999000.0,5490000.0,0.09,1,0.0,Điện thoại - Máy tính bảng,Tiki,Tiki,https://tiki.vn/dien-thoai-xiaomi-redmi-note-14-8gb-128gb-hang-chinh-hang-p278834052.html?spid=278834054,True
278672823,Điện thoại Samsung Galaxy A17 LTE (8GB/128GB) - Hàng chính hãng,6190000.0,6190000.0,0.0,0,0.0,Điện thoại - Máy tính bảng,Tiki,Tiki,https://tiki.vn/dien-thoai-samsung-galaxy-a17-lte-8gb-128gb-hang-chinh-hang-p278672823.html?spid=278672827,True
278592429,Điện thoại Samsung Galaxy A07 LTE (6GB/128GB) - Hàng chính hãng,4490000.0,4490000.0,0.0,0,0.0,Điện thoại - Máy tính bảng,Tiki,Tiki,https://tiki.vn/dien-thoai-samsung-galaxy-a07-lte-6gb-128gb-hang-chinh-hang-p278592429.html?spid=278592431,True
278591193,Điện thoại Samsung Galaxy A17 5G (8GB/128GB) - Hàng chính hãng,6390000.0,6390000.0,0.0,0,0.0,Điện thoại - Máy tính bảng,Tiki,Tiki,https://tiki.vn/dien-thoai-samsung-galaxy-a17-5g-8gb-128gb-hang-chinh-hang-p278591193.html?spid=278591198,True
278591094,Điện thoại Samsung Galaxy A07 LTE (4GB/128GB) - Hàng chính hãng,4190000.0,4190000.0,0.0,0,0.0,Điện thoại - Máy tính bảng,Tiki,Tiki,https://tiki.vn/dien-thoai-samsung-galaxy-a07-lte-4gb-128gb-hang-chinh-hang-p278591094.html?spid=278591100,True
277944378,Điện Thoại Xiaomi Redmi A5 3GB/64GB - Hàng Chính Hãng,2999000.0,3090000.0,0.03,0,0.0,Điện thoại - Máy tính bảng,Tiki,Tiki,https://tiki.vn/dien-thoai-xiaomi-redmi-a5-3gb-64gb-hang-chinh-hang-p277944378.html?spid=277944380,True
277811118,Điện Thoại Xiaomi Redmi Note 14 5G 8GB/256GB - Hàng Chính Hãng,6199000.0,7290000.0,0.15,1,0.0,Điện thoại - Máy tính bảng,Tiki,Tiki,https://tiki.vn/dien-thoai-xiaomi-redmi-note-14-5g-8gb-256gb-hang-chinh-hang-p277811118.html?spid=277811124,True
277737595,Điện Thoại Samsung Galaxy A06 5G 4GB/128GB - Hàng Chính Hãng,3799000.0,4490000.0,0.15,17,4.8,Điện thoại - Máy tính bảng,Tiki,Tiki,https://tiki.vn/dien-thoai-samsung-a06-5g-4gb-128gb-hang-chinh-hang-p277737595.html?spid=277737599,True
277728993,[MỚI] Điện thoại vivo Y04 (4GB+64GB) - Hàng chính hãng - 1 Đổi 1 trong tháng đầu tiên - Bảo hành 12 tháng,2990000.0,2990000.0,0.0,0,0.0,Điện thoại - Máy tính bảng,Tiki,Tiki,https://tiki.vn/moi-dien-thoai-vivo-y04-6gb-128gb-hang-chinh-hang-1-doi-1-trong-thang-dau-tien-bao-hanh-12-thang-p277728993.html?spid=277743625,True
277651890,Điện thoại Samsung Galaxy A06 5G (4GB/128GB) - Hàng chính hãng,4490000.0,4490000.0,0.0,0,0.0,Điện thoại - Máy tính bảng,Tiki,Tiki,https://tiki.vn/dien-thoai-samsung-galaxy-a06-5g-4gb-128gb-hang-chinh-hang-p277651890.html?spid=277651926,True
276451993,"Máy đọc sách Basic 2024 màn hình 6 inch, độ phân giải 300ppi, dung Lượng 16GB, cổng sạc type C - HÀNG CHÍNH HÃNG",3790000.0,3790000.0,0.0,6,0.0,Điện thoại - Máy tính bảng,Tiki,Tiki,https://tiki.vn/may-doc-sach-basic-2024-man-hinh-6-inch-do-phan-giai-300ppi-dung-luong-16gb-cong-sac-type-c-p276451993.html?spid=276452015,True
275386649,Điện Thoại Nokia 3210 4G - Hàng Chính Hãng,1549000.0,1790000.0,0.13,5,5.0,Điện thoại - Máy tính bảng,Tiki,Tiki,https://tiki.vn/dien-thoai-nokia-3210-4g-hang-chinh-hang-p275386649.html?spid=275386651,True
271530789,Combo Máy đọc sách All New Kindle Paperwhite 6 - Hàng chính hãng,4790000.0,4790000.0,0.0,17,4.7,Điện thoại - Máy tính bảng,Tiki,Tiki,https://tiki.vn/combo-may-doc-sach-all-new-kindle-paperwhite-5-11th-kids-edittion-khong-quang-cao-va-bao-da-hang-chinh-hang-p271530789.html?spid=276464092,True
271362153,"Combo Máy đọc sách All New Kindle Paperwhite 5 (11th Gen) và Bao da FOR KIDS (Bản KIDS, Không Quảng Cáo) - Hàng chính hãng",3990000.0,3990000.0,0.0,16,5.0,Điện thoại - Máy tính bảng,Tiki,Tiki,https://tiki.vn/combo-may-doc-sach-all-new-kindle-paperwhite-5-11th-gen-va-bao-da-for-kids-ban-kids-khong-quang-cao-hang-nhap-khau-p271362153.html?spid=271362159,True
270794184,"Máy đọc sách Kobo Clara (Clara Colour, Clara BW, Clara 2e, Clara HD) - 6inch, 16gb - Hàng Chính Hãng",5390000.0,5390000.0,0.0,9,5.0,Điện thoại - Máy tính bảng,Tiki,Tiki,https://tiki.vn/may-doc-sach-kobo-clara-hang-chinh-hang-p270794184.html?spid=275380047,True
249782771,Máy tính bảng Xelex Gama Tab X8 EDU (Hàng chính hãng),2890000.0,2890000.0,0.0,0,0.0,Điện thoại - Máy tính bảng,Tiki,Tiki,https://tiki.vn/may-tinh-bang-xelex-gama-tab-x8-edu-p249782771.html?spid=249782772,True
226552005,Điện thoại bàn Panasonic KX-TSC11 hàng chính hãng,620000.0,620000.0,0.0,123,5.0,Điện thoại - Máy tính bảng,Tiki,Tiki,https://tiki.vn/dien-thoai-ban-panasonic-kx-tsc11-hang-chinh-hang-p226552005.html?spid=164318471,True
196197701,Điện thoại Samsung Galaxy Z Fold4 5G (12GB/256GB) - Hàng chính hãng,40990000.0,40990000.0,0.0,0,0.0,Điện thoại - Máy tính bảng,Tiki,Tiki,https://tiki.vn/dien-thoai-samsung-galaxy-z-fold4-5g-12gb-256gb-hang-chinh-hang-p196197701.html?spid=196197705,True
193366048,Điện thoại OnePlus 10T 5G - Hàng Chính Hãng,15990000.0,15990000.0,0.0,0,0.0,Điện thoại - Máy tính bảng,Tiki,Tiki,https://tiki.vn/dien-thoai-oneplus-10t-5g-hang-chinh-hang-p193366048.html?spid=193366050,True
164213695,Điện thoại bàn Panasonic KX-TGB110 hàng chính hãng,850000.0,850000.0,0.0,75,5.0,Điện thoại - Máy tính bảng,Tiki,Tiki,https://tiki.vn/dien-thoai-ban-panasonic-kx-tgb110-p164213695.html?spid=164213696,True
139632023,Máy đọc sách Kobo Libra 2 - hàng nhập khẩu,8290000.0,8290000.0,0.0,209,5.0,Điện thoại - Máy tính bảng,Tiki,Tiki,https://tiki.vn/may-doc-sach-kobo-libra-libra-colour-libra-2-hang-nhap-khau-p139632023.html?spid=275176272,True
279505669,Điện Thoại Oppo A6c 4GB/128GB - Hàng Chính Hãng,5099000.0,5690000.0,0.1,0,0.0,Điện thoại - Máy tính bảng,Tiki,Tiki,https://tiki.vn/dien-thoai-oppo-a6c-4gb-128gb-hang-chinh-hang-p279505669.html?spid=279505673,True
279504232,Máy tính bảng Xiaomi Redmi Pad 2 9.7 Wifi (4GB/64GB) - Hàng chính hãng,4990000.0,4990000.0,0.0,0,0.0,Điện thoại - Máy tính bảng,Tiki,Tiki,https://tiki.vn/may-tinh-bang-xiaomi-redmi-pad-2-9-7-wifi-4gb-64gb-hang-chinh-hang-p279504232.html?spid=279504234,True
279447192,Máy Tính Bảng Galaxy Tab S10 Lite Wifi (6GB/128GB) - Hàng Chính Hãng,10990000.0,10990000.0,0.0,202,0.0,Điện thoại - Máy tính bảng,Tiki,Tiki,https://tiki.vn/may-tinh-bang-galaxy-tab-s10-lite-wifi-8gb-128gb-hang-chinh-hang-p279447192.html?spid=279447202,True
279075947,Điện Thoại Oppo A6t 4GB/64GB - Hàng Chính Hãng,4590000.0,4590000.0,0.0,0,0.0,Điện thoại - Máy tính bảng,Tiki,Tiki,https://tiki.vn/dien-thoai-oppo-a6t-4gb-64gb-hang-chinh-hang-p279075947.html?spid=279075951,True
217548686,"Máy đọc sách Kindle Scribe – thế hệ đầu tiên có thể đọc và viết, màn hình 10,2” 300PPI, đèn vàng warmlight, bộ nhớ 16-64GB, đồng bộ dữ liệu qua Microsoft Word - hàng nhập khẩu",9800000.0,9800000.0,0.0,4,4.0,Điện thoại - Máy tính bảng,Tiki,Tiki,https://tiki.vn/may-doc-sach-kindle-scribe-the-he-dau-tien-co-the-doc-va-viet-man-hinh-10-2-300ppi-den-vang-warmlight-bo-nho-16-64gb-dong-bo-du-lieu-qua-microsoft-word-hang-nhap-khau-p217548686.html?spid=217548688,True
279411794,Máy tính bảng Samsung Galaxy Tab A11 4G ( 4GB/64GB) - Hàng chính hãng,6990000.0,6990000.0,0.0,110,0.0,Điện thoại - Máy tính bảng,Tiki,Tiki,https://tiki.vn/may-tinh-bang-samsung-galaxy-tab-a11-4g-4gb-64gb-p279411794.html?spid=279412568,True
279411764,Máy Tính Bảng Samsung Galaxy Tab A11 WiFi (4GB/64GB) - Hàng chính hãng,5990000.0,5990000.0,0.0,182,0.0,Điện thoại - Máy tính bảng,Tiki,Tiki,https://tiki.vn/may-tinh-bang-samsung-galaxy-tab-a11-wifi-4gb-64gb-p279411764.html?spid=279411768,True
279314917,Điện thoại Xiaomi Redmi Note 15 Pro 12GB/256GB - Hàng Chính Hãng,7590000.0,7590000.0,0.0,7,4.7,Điện thoại - Máy tính bảng,Tiki,Tiki,https://tiki.vn/dien-thoai-xiaomi-redmi-note-15-pro-12gb-256gb-hang-chinh-hang-p279314917.html?spid=279322849,True
279314906,Điện thoại Xiaomi Redmi Note 15 Pro 8GB/256GB - Hàng Chính Hãng,7250000.0,7250000.0,0.0,0,0.0,Điện thoại - Máy tính bảng,Tiki,Tiki,https://tiki.vn/dien-thoai-xiaomi-redmi-note-15-pro-8gb-256gb-hang-chinh-hang-p279314906.html?spid=279314910,True
279297038,Điện Thoại Samsung Galaxy A57 5G 8GB/128GB - Hàng Chính Hãng,10269000.0,12490000.0,0.18,0,0.0,Điện thoại - Máy tính bảng,Tiki,Tiki,https://tiki.vn/dien-thoai-samsung-galaxy-a57-5g-8gb-128gb-hang-chinh-hang-p279297038.html?spid=279297040,True
279277488,Điện thoại Samsung Galaxy A57 5G (8GB/128GB) - Hàng chính hãng,12490000.0,12490000.0,0.0,1,5.0,Điện thoại - Máy tính bảng,Tiki,Tiki,https://tiki.vn/dien-thoai-samsung-galaxy-a57-5g-8gb-128gb-hang-chinh-hang-p279277488.html?spid=279277490,True
279257510,Điện Thoại Samsung Galaxy A57 5G ( 8GB/128GB) - Hàng Chính Hãng,9900000.0,12490000.0,0.21,3,4.8,Điện thoại - Máy tính bảng,Tiki,Tiki,https://tiki.vn/dien-thoai-samsung-galaxy-a57-5g-8gb-128gb-hang-chinh-hang-p279257510.html?spid=279257514,True
279257463,Điện Thoại Samsung Galaxy A37 5G (8GB/128GB) - Hàng Chính Hãng,8990000.0,10990000.0,0.18,3,5.0,Điện thoại - Máy tính bảng,Tiki,Tiki,https://tiki.vn/dien-thoai-samsung-galaxy-a37-5g-hang-chinh-hang-p279257463.html?spid=279257465,True
279254865,Điện Thoại Xiaomi Redmi Note 15 Pro 5G 12GB/256GB - Hàng Chính Hãng,9819000.0,11490000.0,0.15,0,5.0,Điện thoại - Máy tính bảng,Tiki,Tiki,https://tiki.vn/dien-thoai-xiaomi-redmi-note-15-pro-5g-12gb-256gb-hang-chinh-hang-p279254865.html?spid=279254871,True
279231976,Apple iPad Air M4 11-Inch Wi-Fi,18490000.0,18490000.0,0.0,9,5.0,Điện thoại - Máy tính bảng,Tiki,Tiki,https://tiki.vn/apple-ipad-air-m4-11-inch-wi-fi-hang-chinh-hang-p279231976.html?spid=279231986,True
279188180,Máy Tính Bảng Galaxy Tab S10 Lite Wifi (8GB/256GB) - Hàng Chính Hãng,11990000.0,11990000.0,0.0,97,0.0,Điện thoại - Máy tính bảng,Tiki,Tiki,https://tiki.vn/may-tinh-bang-galaxy-tab-s10-lite-wifi-8gb-256gb-hang-chinh-hang-p279188180.html?spid=279188182,True
279185853,Điện Thoại Samsung Galaxy S26 Ultra (12GB/256GB) - Hàng Chính Hãng,27900000.0,36990000.0,0.25,5,0.0,Điện thoại - Máy tính bảng,Tiki,Tiki,https://tiki.vn/dien-thoai-samsung-galaxy-s26-ultra-12gb-256gb-hang-chinh-hang-p279185853.html?spid=279185857,True
279185842,Điện Thoại Samsung Galaxy S26+ (12GB/256GB) - Hàng Chính Hãng,21990000.0,29990000.0,0.27,0,0.0,Điện thoại - Máy tính bảng,Tiki,Tiki,https://tiki.vn/dien-thoai-samsung-galaxy-s26-12gb-256gb-hang-chinh-hang-p279185842.html?spid=279185844,True
279185812,Điện Thoại Samsung Galaxy S26 (12GB/256GB) - Hàng Chính Hãng,20900000.0,25990000.0,0.2,1,0.0,Điện thoại - Máy tính bảng,Tiki,Tiki,https://tiki.vn/dien-thoai-samsung-galaxy-s26-12gb-256gb-hang-chinh-hang-p279185812.html?spid=279185818,True
279122014,Điện thoại Xiaomi Redmi Note 15 Pro (12GB/256GB) - Hàng chính hãng,8290000.0,10090000.0,0.18,0,0.0,Điện thoại - Máy tính bảng,Tiki,Tiki,https://tiki.vn/dien-thoai-xiaomi-redmi-note-15-pro-12gb-256gb-hang-chinh-hang-p279122014.html?spid=279122018,True
279077078, Điện thoại Oppo A5x (4GB/128GB) - Hàng chính hãng,4690000.0,4690000.0,0.0,7851,0.0,Điện thoại - Máy tính bảng,Tiki,Tiki,https://tiki.vn/dien-thoai-oppo-a5x-4gb-128gb-hang-chinh-hang-p279077078.html?spid=279077080,True
279074852,Điện Thoại Xiaomi Redmi 15C 6GB/128GB - Hàng Chính Hãng,4439000.0,4990000.0,0.11,2,5.0,Điện thoại - Máy tính bảng,Tiki,Tiki,https://tiki.vn/dien-thoai-xiaomi-redmi-15c-6gb-128gb-hang-chinh-hang-p279074852.html?spid=279074854,True
278820676,Điện Thoại Xiaomi 15T Pro 5G 12GB/512GB - Hàng Chính Hãng,16979000.0,19490000.0,0.13,0,0.0,Điện thoại - Máy tính bảng,Tiki,Tiki,https://tiki.vn/dien-thoai-xiaomi-15t-pro-5g-12gb-512gb-hang-chinh-hang-p278820676.html?spid=278820682,True
278814651,Điện thoại Xiaomi Redmi 15C (6GB/128GB) - Hàng chính hãng,4990000.0,4990000.0,0.0,7,0.0,Điện thoại - Máy tính bảng,Tiki,Tiki,https://tiki.vn/dien-thoai-xiaomi-redmi-15c-6gb-128gb-hang-chinh-hang-p278814651.html?spid=279051355,True
278730376,Máy tính bảng Samsung Galaxy Tab A11 Wifi (4GB/64GB) - Hàng chính hãng,3990000.0,3990000.0,0.0,0,0.0,Điện thoại - Máy tính bảng,Tiki,Tiki,https://tiki.vn/may-tinh-bang-samsung-galaxy-tab-a11-wifi-4gb-64gb-hang-chinh-hang-p278730376.html?spid=278730380,True
278729165,Máy tính bảng Samsung Galaxy Tab A11 LTE (4GB/64GB) - Hàng chính hãng,5490000.0,5490000.0,0.0,2,0.0,Điện thoại - Máy tính bảng,Tiki,Tiki,https://tiki.vn/may-tinh-bang-samsung-galaxy-tab-a11-lte-4gb-64gb-hang-chinh-hang-p278729165.html?spid=278729169,True
278635796,Điện Thoại Samsung Galaxy A17 8GB/128GB - Hàng Chính Hãng,5249000.0,6190000.0,0.15,3,0.0,Điện thoại - Máy tính bảng,Tiki,Tiki,https://tiki.vn/dien-thoai-samsung-galaxy-a17-8gb-128gb-hang-chinh-hang-p278635796.html?spid=278635798,True
278630285,Apple iPhone Air - Xanh Da Trời - 256GB,21990000.0,21990000.0,0.0,53,5.0,Điện thoại - Máy tính bảng,Tiki,Tiki,https://tiki.vn/apple-iphone-air-p278630285.html?spid=278630803,True
278628866,Apple iPhone 17 Pro Max,33490000.0,33490000.0,0.0,5361,5.0,Điện thoại - Máy tính bảng,Tiki,Tiki,https://tiki.vn/apple-iphone-17-pro-max-p278628866.html?spid=278630786,True
278540683,Điện Thoại Samsung Galaxy A17 5G 8GB/128GB - Hàng Chính Hãng,5929000.0,6190000.0,0.04,2,0.0,Điện thoại - Máy tính bảng,Tiki,Tiki,https://tiki.vn/dien-thoai-samsung-galaxy-a17-5g-8gb-128gb-hang-chinh-hang-p278540683.html?spid=278540689,True
277944334,Điện Thoại Samsung Galaxy A06 5G 4GB/64GB - Hàng Chính Hãng,3389000.0,3490000.0,0.03,8,5.0,Điện thoại - Máy tính bảng,Tiki,Tiki,https://tiki.vn/dien-thoai-samsung-a06-5g-4gb-64gb-hang-chinh-hang-p277944334.html?spid=277944340,True
277812880,Máy Tính Bảng Galaxy Tab S10 FE Wifi (8GB/128GB) - Hàng Chính Hãng,9900000.0,11990000.0,0.17,196,5.0,Điện thoại - Máy tính bảng,Tiki,Tiki,https://tiki.vn/may-tinh-bang-galaxy-tab-s10-fe-wifi-8gb-128gb-hang-chinh-hang-p277812880.html?spid=277812886,True
277646748,Điện thoại Samsung Galaxy A06 5G (4GB/64GB) - Hàng chính hãng,3990000.0,3990000.0,0.0,2,5.0,Điện thoại - Máy tính bảng,Tiki,Tiki,https://tiki.vn/dien-thoai-samsung-galaxy-a06-5g-4gb-64gb-hang-chinh-hang-p277646748.html?spid=277646755,True
277619147,Máy tính bảng iPad Gen 11 (A16) WiFi,11990000.0,11990000.0,0.0,474,5.0,Điện thoại - Máy tính bảng,Tiki,Tiki,https://tiki.vn/may-tinh-bang-ipad-gen-11-a16-wifi-p277619147.html?spid=277619155,True
277553639,"Điện thoại Samsung Galaxy A06 5G (4/128GB), Màn Hình Cực Đại HD+ 6.7”, 5G Kết nối cực nhanh - Hàng chính hãng",6090000.0,6090000.0,0.0,51505,4.1,Điện thoại - Máy tính bảng,Tiki,Tiki,https://tiki.vn/dien-thoai-samsung-galaxy-a06-5g-4-128gb-man-hinh-cuc-dai-hd-6-7-5g-ket-noi-cuc-nhanh-hang-chinh-hang-p277553639.html?spid=277553643,True
277512611,Điện Thoại Samsung Galaxy A56 5G 8GB/128GB - Hàng Chính Hãng,9990000.0,9990000.0,0.0,2,5.0,Điện thoại - Máy tính bảng,Tiki,Tiki,https://tiki.vn/dien-thoai-samsung-a56-5g-8gb-128gb-hang-chinh-hang-p277512611.html?spid=277512615,True
276539826,"Máy đọc sách New Kindle 2024, 16Gb Mới nguyên Seal - Hàng chính hãng",3690000.0,3690000.0,0.0,9,5.0,Điện thoại - Máy tính bảng,Tiki,Tiki,https://tiki.vn/may-doc-sach-new-kindle-2024-16gb-moi-nguyen-seal-hang-chinh-hang-p276539826.html?spid=276540791,True
276448920,"Máy đọc sách Amazon Kindle Paperwhite 6 (Gen 12th), Mới nguyên Seal - Hàng chính hãng",4890000.0,4890000.0,0.0,24,5.0,Điện thoại - Máy tính bảng,Tiki,Tiki,https://tiki.vn/may-doc-sach-amazon-kindle-paperwhite-6-gen-12th-hang-chinh-hang-p276448920.html?spid=276448922,True
275386982,Điện Thoại Nokia 220 4G - Hàng Chính Hãng,1089000.0,1190000.0,0.08,17,5.0,Điện thoại - Máy tính bảng,Tiki,Tiki,https://tiki.vn/dien-thoai-nokia-220-4g-hang-chinh-hang-p275386982.html?spid=275386986,True
271234577,Điện Thoại Nokia 105 4G Pro - Hàng Chính Hãng,849000.0,849000.0,0.0,20,5.0,Điện thoại - Máy tính bảng,Tiki,Tiki,https://tiki.vn/dien-thoai-nokia-105-4g-pro-hang-chinh-hang-p271234577.html?spid=271234579,True
252586291,Máy đọc sách All New Kindle Paperwhite 5 (11th Gen) - Hàng chính hãng,4130000.0,4130000.0,0.0,521,5.0,Điện thoại - Máy tính bảng,Tiki,Tiki,https://tiki.vn/may-doc-sach-all-new-kindle-paperwhite-5-11th-gen-hang-nhap-khau-p252586291.html?spid=252586532,True
201067649,Combo máy đọc sách Kindle Paperwhite 5 (11th gen) tặng kèm bao da ( Cover ) - Hàng nhập khẩu,3890000.0,3890000.0,0.0,256,5.0,Điện thoại - Máy tính bảng,Tiki,Tiki,https://tiki.vn/combo-may-doc-sach-kindle-paperwhite-5-8gb-black-11th-gen-tang-kem-bao-da-cover-hang-nhap-khau-p201067649.html?spid=184640913,True
4048581,Điện Thoại Bàn Panasonic KX-TSC11,739000.0,739000.0,0.0,67,4.5,Điện thoại - Máy tính bảng,Tiki,Tiki,https://tiki.vn/dien-thoai-ban-panasonic-kx-tsc11-hang-chinh-hang-p4048581.html?spid=26683926,True
278849722,Quần Jean Thời Trang Basic Nam Tapper Ninomaxx 2508002,599000.0,769000.0,0.22,1,0.0,Thời trang nam,Tiki,Tiki,https://tiki.vn/quan-jean-thoi-trang-basic-nam-tapper-ninomaxx-2508002-p278849722.html?spid=278849728,True
251401736,Quần kaki nam ALIGRO chất liệu kaki mềm mịn cao cấp dáng slimfit màu ghi sáng ALGK074,552000.0,552000.0,0.0,1,0.0,Thời trang nam,Tiki,Tiki,https://tiki.vn/quan-kaki-nam-aligro-chat-lieu-kaki-mem-min-cao-cap-dang-slimfit-mau-ghi-sang-algk074-p251401736.html?spid=251401740,True
206664470,Áo phao nam công sở trẻ trung NAP37,900000.0,900000.0,0.0,6,0.0,Thời trang nam,Tiki,Tiki,https://tiki.vn/ao-phao-nam-cong-so-tre-trung-nap37-p206664470.html?spid=206664478,True
56958321,Quần kaki nam Aligro ALGK052,759000.0,759000.0,0.0,9,4.5,Thời trang nam,Tiki,Tiki,https://tiki.vn/quan-kaki-nam-aligro-algk052-p56958321.html?spid=56958333,True
193978418,Quần Jean nam Leman xám khói trơn JD13 - Slim Form,549000.0,549000.0,0.0,68,5.0,Thời trang nam,Tiki,Tiki,https://tiki.vn/quan-jean-nam-leman-xam-khoi-tron-jd13-slim-form-p193978418.html?spid=193978432,True
87094676,"Bộ bơi đôi dài tay Nam và Nữ, set 3 chi tiết quần dài chống nắng, đồ bơi cho couple, có size nhỏ cho bé mặc đồ gia đình | KT022 | BN022",520000.0,520000.0,0.0,55,4.6,Thời trang nam,Tiki,Tiki,https://tiki.vn/bo-boi-doi-dai-tay-nam-va-nu-set-3-chi-tiet-quan-dai-chong-nang-do-boi-cho-couple-co-size-nho-cho-be-mac-do-gia-dinh-kt022-bn022-p87094676.html?spid=87094688,True
279256688,"Bộ áo điều hòa KITO NEWPRO KT10 thế hệ mới nhất 2026 quạt 24V siêu bên ,chống chai ,chống phồng",1050000.0,1050000.0,0.0,0,0.0,Thời trang nam,Tiki,Tiki,https://tiki.vn/bo-ao-dieu-hoa-kito-newpro-kt10-the-he-moi-nhat-2026-quat-24v-sieu-ben-chong-chai-chong-phong-p279256688.html?spid=279256700,True
277338667,Áo phao Jile nam May 10 mã 030124258 4TT,884000.0,884000.0,0.0,1,0.0,Thời trang nam,Tiki,Tiki,https://tiki.vn/ao-phao-jile-nam-may-10-ma-030124258-4tt-p277338667.html?spid=277338677,True
276839924,Áo phao nam trẻ trung Lót Lông mẫu mới NAP78,1020000.0,1020000.0,0.0,0,0.0,Thời trang nam,Tiki,Tiki,https://tiki.vn/ao-phao-nam-tre-trung-lot-long-mau-moi-nap78-p276839924.html?spid=276839950,True
274505011,Áo thun thể thao ngắn tay Phiten raku sport - Black / pink,1298000.0,1298000.0,0.0,1,5.0,Thời trang nam,Tiki,Tiki,https://tiki.vn/ao-thun-the-thao-ngan-tay-phiten-raku-sport-p274505011.html?spid=274505029,True
273874204,Áo khoác nam May10 mã 030123310 JK010,1820000.0,1820000.0,0.0,0,0.0,Thời trang nam,Tiki,Tiki,https://tiki.vn/ao-khoac-nam-may10-ma-030123310-jk010-p273874204.html?spid=273874210,True
173991837,Quần Jean nam Leman xanh trơn JD02 - Slim Form,549000.0,549000.0,0.0,11,4.8,Thời trang nam,Tiki,Tiki,https://tiki.vn/quan-jean-nam-leman-xanh-tron-jd02-slim-form-p173991837.html?spid=173991849,True
56958267,Quần kaki nam Aligro ALGK049,759000.0,759000.0,0.0,0,0.0,Thời trang nam,Tiki,Tiki,https://tiki.vn/quan-kaki-nam-aligro-algk049-p56958267.html?spid=56958279,True
3969655,Quần Kaki Nam Aligo Xanh Dương ALGK030,695000.0,695000.0,0.0,3,0.0,Thời trang nam,Tiki,Tiki,https://tiki.vn/quan-kaki-nam-aligo-algk030-xanh-duong-p3969655.html?spid=4096023,True
278850341,Áo khoác nam May10 mã 030125931KEY JK008,1963637.0,1963637.0,0.0,0,0.0,Thời trang nam,Tiki,Tiki,https://tiki.vn/ao-khoac-nam-may10-ma-030125931key-jk008-p278850341.html?spid=278850351,True
274505062,Áo polo thể thao Phiten polo,1780000.0,1780000.0,0.0,0,0.0,Thời trang nam,Tiki,Tiki,https://tiki.vn/ao-polo-the-thao-phiten-polo-light-p274505062.html?spid=274505074,True
201934265,Combo 2 Áo khoác gió nam chống nắng trượt nước cản gió cản bụi hiệu quả MRM Manlywear,899000.0,899000.0,0.0,0,0.0,Thời trang nam,Tiki,Tiki,https://tiki.vn/combo-2-ao-khoac-gio-nam-giu-nhiet-chong-nuoc-can-gio-can-bui-hieu-qua-mrm-manlywear-p201934265.html?spid=201934281,True
193981069,Quần Jean nam Leman đen mài xám JD14 - Slim Form,549000.0,549000.0,0.0,94,5.0,Thời trang nam,Tiki,Tiki,https://tiki.vn/quan-jean-nam-leman-den-mai-xam-jd14-slim-form-p193981069.html?spid=193981073,True
190740941,Bộ ngủ phối cổ nam Saint set cộc tay,735000.0,735000.0,0.0,0,0.0,Thời trang nam,Tiki,Tiki,https://tiki.vn/bo-ngu-phoi-co-nam-saint-set-coc-tay-p190740941.html?spid=190740990,True
141660170,Áo vest dạ nam trẻ trung cao cấp NAD70,1776000.0,1776000.0,0.0,5,4.0,Thời trang nam,Tiki,Tiki,https://tiki.vn/ao-vest-da-nam-tre-trung-cao-cap-nad70-p141660170.html?spid=141660176,True
56959947,"Quần âu nam ALIGRO màu navy chấm trắng form chuẩn slimfit, vải cotton cao cấp cực tôn dáng, lịch sự ALGO1028",690000.0,690000.0,0.0,1,0.0,Thời trang nam,Tiki,Tiki,https://tiki.vn/quan-tay-nam-aligro-algo1028-p56959947.html?spid=56959951,True
56958262,Quần kaki nam Aligro ALGK048,759000.0,759000.0,0.0,4,0.0,Thời trang nam,Tiki,Tiki,https://tiki.vn/quan-kaki-nam-aligro-algk048-p56958262.html?spid=56958270,True
56958251,Quần kaki nam Aligro ALGK047,552000.0,552000.0,0.0,2,5.0,Thời trang nam,Tiki,Tiki,https://tiki.vn/quan-kaki-nam-aligro-algk047-p56958251.html?spid=56958257,True
34706695,Áo khoác nam đẹp NMT16,720000.0,720000.0,0.0,3,5.0,Thời trang nam,Tiki,Tiki,https://tiki.vn/ao-khoac-nam-dep-nmt16-p34706695.html?spid=34706720,True
279287522,"Bộ áo điều hòa KITO NEWPRO KT10 thế hệ mới nhất 2026 quạt 24V siêu bên ,chống chai ,chống phồng",1070000.0,1070000.0,0.0,9,0.0,Thời trang nam,Tiki,Tiki,https://tiki.vn/bo-ao-dieu-hoa-kito-newpro-kt10-the-he-moi-nhat-2026-quat-24v-sieu-ben-chong-chai-chong-phong-p279287522.html?spid=279287524,True
251771032,"Combo 2 Áo thun Polo Nam Coolmax - Premium nam tính, thanh lịch sang trọng MRM Manlywear",525000.0,899000.0,0.42,20,5.0,Thời trang nam,Tiki,Tiki,https://tiki.vn/combo-2-ao-thun-polo-nam-coolmax-premium-nam-tinh-thanh-lich-sang-trong-mrm-manlywear-p251771032.html?spid=251771060,True
197058539,Áo khoác măng tô nam cổ đức phong cách trẻ trung công sở NMT31,936000.0,936000.0,0.0,11,5.0,Thời trang nam,Tiki,Tiki,https://tiki.vn/ao-khoac-mang-to-nam-co-duc-phong-cach-tre-trung-cong-so-nmt31-p197058539.html?spid=273419938,True
127197643,"Bộ Quần Áo Nam Lính Mỹ US ARMY  Kiểu Dáng Túi Hộp, Chất Liệu Kaki Cao Cấp Phong Cách Lính Cực Ngầu (Tặng dây lưng) - HÀNG CHÍNH HÃNG",899000.0,1798000.0,0.5,14,4.5,Thời trang nam,Tiki,Tiki,https://tiki.vn/bo-quan-ao-nam-linh-my-us-army-kieu-dang-tui-hop-chat-lieu-kaki-cao-cap-phong-cach-linh-cuc-ngau-tang-day-lung-hang-chinh-hang-p127197643.html?spid=182094563,True
56958910,Quần kaki nam màu be Aligro ALGK055,607200.0,607200.0,0.0,4,0.0,Thời trang nam,Tiki,Tiki,https://tiki.vn/quan-kaki-nam-aligro-algk055-p56958910.html?spid=56958912,True
276590644,Áo phao nam trẻ trung công sở NAP74,624000.0,624000.0,0.0,3,0.0,Thời trang nam,Tiki,Tiki,https://tiki.vn/ao-phao-nam-tre-trung-cong-so-nap74-p276590644.html?spid=276590652,True
203954003,Áo khoác nam May10 mã 030122261,1571000.0,1571000.0,0.0,1,5.0,Thời trang nam,Tiki,Tiki,https://tiki.vn/ao-khoac-nam-may10-ma-030122261-p203954003.html?spid=203954013,True
189673526,Áo sơ mi măng sét trắng Anlimen Gentle Cuff Shirt,1090000.0,1090000.0,0.0,1,0.0,Thời trang nam,Tiki,Tiki,https://tiki.vn/so-mi-mang-set-cufflinks-anlimen-gentle-cuff-shirt-ags01-p189673526.html?spid=189673530,True
145717928,Áo khoác phao nam hà nội NAP09,1020000.0,1020000.0,0.0,11,5.0,Thời trang nam,Tiki,Tiki,https://tiki.vn/ao-khoac-phao-nam-ha-noi-nap09-p145717928.html?spid=145717946,True
278849702,Quần Jean Thời Trang Basic Nam Ống Đứng Ninomaxx 2508001,599000.0,769000.0,0.22,0,0.0,Thời trang nam,Tiki,Tiki,https://tiki.vn/quan-jean-thoi-trang-basic-nam-ong-dung-ninomaxx-2508001-p278849702.html?spid=278849708,True
263645349,QUẦN JEAN DÀI NAM LEMAN JD09 XANH TRƠN,549000.0,549000.0,0.0,18,4.7,Thời trang nam,Tiki,Tiki,https://tiki.vn/quan-jean-dai-nam-leman-jd09-xanh-tron-p263645349.html?spid=263645359,True
205849327,"Áo tay dài Mmlg We Tap Hood - Áo Hoodie Sweater cho nam, nữ, unisex - MMLGH022",2380000.0,2380000.0,0.0,1,0.0,Thời trang nam,Tiki,Tiki,https://tiki.vn/ao-tay-dai-mmlg-we-tap-hood-ao-hoodie-sweater-cho-nam-nu-unisex-p205849327.html?spid=205849338,True
193989559,Quần Jean nam Leman xanh bạc rách JD18 - Slim Form,549000.0,549000.0,0.0,36,4.8,Thời trang nam,Tiki,Tiki,https://tiki.vn/quan-jean-nam-leman-xanh-bac-rach-jd18-slim-form-p193989559.html?spid=193989580,True
190229414,Sơ mi măng sét Anlimen Gentle Cuff Shirt - AGS03,890000.0,890000.0,0.0,2,5.0,Thời trang nam,Tiki,Tiki,https://tiki.vn/so-mi-mang-set-anlimen-gentle-cuff-shirt-ags03-p190229414.html?spid=190229420,True
73208079,Áo khoác dạ nam dáng lửng cao cấp đẹp nhất hà nội NAD49,2700000.0,2700000.0,0.0,5,0.0,Thời trang nam,Tiki,Tiki,https://tiki.vn/ao-khoac-da-nam-dang-lung-cao-cap-dep-nhat-ha-noi-nad49-p73208079.html?spid=73208085,True
276356750,Áo dạ nam trẻ trung cao cấp dáng ngắn công sở NAD127,2940000.0,2940000.0,0.0,0,0.0,Thời trang nam,Tiki,Tiki,https://tiki.vn/ao-da-nam-tre-trung-cao-cap-dang-ngan-cong-so-nad127-p276356750.html?spid=276356762,True
250083914,"Áo điều hòa Nhật Bản JW 21V năm 2023, chất vải Kaki Pangrim Hàn Quốc, pin dung lượng lớn 25000mAh, quạt không chổi than tốc độ cao cánh có thể tháo rời",1799000.0,1799000.0,0.0,2,0.0,Thời trang nam,Tiki,Tiki,https://tiki.vn/ao-dieu-hoa-nhat-ban-jw-21v-nam-2023-chat-vai-kaki-pangrim-han-quoc-pin-dung-luong-lon-25000mah-quat-khong-choi-than-toc-do-cao-canh-co-the-thao-roi-p250083914.html?spid=250083946,True
212936093,Áo khoác gió 1 lớp ALIGRO màu navy AK1G.3,620000.0,620000.0,0.0,1,0.0,Thời trang nam,Tiki,Tiki,https://tiki.vn/ao-khoac-gio-1-lop-aligro-mau-navy-ak1g-3-p212936093.html?spid=212936101,True
205849269,"Áo tay dài Mmlg 19Mg Lsv-T - Áo Hoodie Sweater cho nam, nữ, unisex - MMLG2T011",1748000.0,1748000.0,0.0,0,0.0,Thời trang nam,Tiki,Tiki,https://tiki.vn/ao-tay-dai-mmlg-19mg-lsv-t-ao-hoodie-sweater-cho-nam-nu-unisex-p205849269.html?spid=205849309,True
145716807,Áo phao nam trẻ trung phong cách NAP45,2016000.0,2016000.0,0.0,0,0.0,Thời trang nam,Tiki,Tiki,https://tiki.vn/ao-phao-nam-tre-trung-phong-cach-nap45-p145716807.html?spid=145716819,True
129246479,Áo khoác măng tô nam trẻ trung thời trang mới NMT74,1296000.0,1296000.0,0.0,10,4.6,Thời trang nam,Tiki,Tiki,https://tiki.vn/ao-khoac-mang-to-nam-tre-trung-thoi-trang-moi-nmt74-p129246479.html?spid=129246517,True
34702350,Áo khoác dạ nam dáng vest trẻ trung NAD43,2460000.0,2460000.0,0.0,2,4.5,Thời trang nam,Tiki,Tiki,https://tiki.vn/ao-khoac-da-nam-dang-vest-tre-trung-nad43-p34702350.html?spid=34702470,True
273598230,Máy Tăm Nước Không Dây LocknLock Cordless Oral Irrigator,650500.0,1495000.0,0.56,11249,4.7,Làm đẹp - Sức khỏe,Tiki,Tiki,https://tiki.vn/may-tam-nuoc-khong-day-locknlock-cordless-oral-irrigator-p273598230.html?spid=82721612,True
274964902,Máy tăm nước LocknLock ENR154WHT - Kèm 4 đầu tăm - Dung tích 250ml - Màu trắng,1054950.0,1623000.0,0.35,197,4.8,Làm đẹp - Sức khỏe,Tiki,Tiki,https://tiki.vn/may-tam-nuoc-locknlock-enr154wht-kem-4-dau-tam-dung-tich-250ml-mau-trang-p274964902.html?spid=274964903,True
262899667,"Glucosamine 1500mg MSM 1500mg Kirkland Signature  - Phục hồi sụn khớp, Giảm đau nhức xương khớp và Hỗ trợ sự vận động linh hoạt hiệu quả - QuaTangMe Extaste",999000.0,999000.0,0.0,2036,4.8,Làm đẹp - Sức khỏe,Tiki,Tiki,https://tiki.vn/thuc-pham-bao-ve-suc-khoe-kirkland-signature-glucosamine-with-msm-p262899667.html?spid=8338053,True
276243438,Kem Dưỡng Giảm Thâm Nám Chuyên Biệt Angel's Liquid Tranexamic Mela Zero Cream 50ml,630000.0,1159000.0,0.46,23,4.8,Làm đẹp - Sức khỏe,Tiki,Tiki,https://tiki.vn/kem-duong-giam-tham-nam-chuyen-biet-angel-s-liquid-tranexamic-mela-zero-cream-50ml-p276243438.html?spid=276243439,True
196337083,"Viên Uống Dầu Cá Bổ Sung Double Omega Hỗ Trợ Cho Tim, Mắt và Da Blackmores Double Omega High Strength Lọ 90 Viên",757000.0,906000.0,0.16,137,5.0,Làm đẹp - Sức khỏe,Tiki,Tiki,https://tiki.vn/vien-uong-dau-ca-bo-sung-double-omega-ho-tro-cho-tim-mat-va-da-blackmores-double-omega-high-strength-lo-90-vien-p196337083.html?spid=273930859,True
51540051,Kem chống nắng dạng sữa dưỡng da kiềm dầu bảo vệ hoàn hảo Anessa Perfect UV Sunscreen Skincare Milk SPF 50+ PA++++ 60ml,535000.0,715000.0,0.25,5303,4.8,Làm đẹp - Sức khỏe,Tiki,Tiki,https://tiki.vn/kem-chong-nang-dang-sua-duong-da-kiem-dau-bao-ve-hoan-hao-anessa-perfect-uv-sunscreen-skincare-milk-spf-50-pa-60ml-p51540051.html?spid=59495560,True
116557922,Bộ đôi Kem chống nắng dạng sữa dưỡng da kiềm dầu bảo vệ hoàn hảo + Kem chống nắng dạng gel dưỡng ẩm bảo vệ hoàn hảo (Anessa Gold Milk 60ml + Gold Gel 90g),904000.0,1200000.0,0.25,2132,4.7,Làm đẹp - Sức khỏe,Tiki,Tiki,https://tiki.vn/bo-doi-kem-chong-nang-dang-sua-duong-da-kiem-dau-bao-ve-hoan-hao-kem-chong-nang-dang-gel-duong-am-bao-ve-hoan-hao-anessa-gold-milk-60ml-gold-gel-90g-p116557922.html?spid=272278923,True
274965033,Bàn chải đánh răng LocknLock ENR331WHT - Kèm 2 đầu bàn chải -Màu trắng,598500.0,1412000.0,0.58,51,5.0,Làm đẹp - Sức khỏe,Tiki,Tiki,https://tiki.vn/ban-chai-danh-rang-locknlock-enr331wht-kem-2-dau-ban-chai-mau-trang-p274965033.html?spid=274965034,True
212219580,"Bàn Chải Đánh Răng Điện LocknLock ENR346BLK - DC3.7V, Trọng Lượng 235g, Sạc Không Dây - Màu Đen",816500.0,1957000.0,0.58,3647,4.8,Làm đẹp - Sức khỏe,Tiki,Tiki,https://tiki.vn/ban-chai-danh-rang-dien-locknlock-enr346-dc3-7v-trong-luong-235g-sac-khong-day-p212219580.html?spid=69194333,True
196346905,Viên Uống Bổ Sung Magie Hỗ Trợ Cơ Bắp Ngăn Ngừa Chuột Rút Blackmores Bio Magnesium Lọ 100 Viên,779000.0,930000.0,0.16,32,5.0,Làm đẹp - Sức khỏe,Tiki,Tiki,https://tiki.vn/vien-uong-bo-sung-magie-ho-tro-co-bap-ngan-ngua-chuot-rut-blackmores-bio-magnesium-lo-100-vien-p196346905.html?spid=273930854,True
109069267,Máy Massage Xung Điện Trị Liệu OMRON HV-F013,1400000.0,1400000.0,0.0,15,4.3,Làm đẹp - Sức khỏe,Tiki,Tiki,https://tiki.vn/may-massage-xung-dien-tri-lieu-omron-hv-f013-p109069267.html?spid=195303954,True
279259682,Gạc tẩm mật ong Manuka chăm sóc vết thương nhiễm khuẩn - Algivon,570000.0,570000.0,0.0,3,0.0,Làm đẹp - Sức khỏe,Tiki,Tiki,https://tiki.vn/gac-tam-mat-ong-manuka-cham-soc-vet-thuong-nhiem-khuan-algivon-p279259682.html?spid=279259683,True
254023513,"Cân sức khỏe điện tử LocknLock có app theo dõi chỉ số sức khỏe, 180kg",576000.0,720000.0,0.2,107,4.5,Làm đẹp - Sức khỏe,Tiki,Tiki,https://tiki.vn/can-suc-khoe-dien-tu-locknlock-enc541blk-co-app-theo-doi-chi-so-suc-khoe-310x300x21mm-180kg-p254023513.html?spid=254023515,True
50037073,Cicaplast Baume B5 La Roche-Posay Kem Dưỡng Làm Dịu Mát Mượt & Phục Hồi Da Phù Hợp Cho Trẻ Em - Trẻ Sơ Sinh (100ml) - M6918702,535000.0,535000.0,0.0,92,4.5,Làm đẹp - Sức khỏe,Tiki,Tiki,https://tiki.vn/cicaplast-baume-b5-la-roche-posay-kem-duong-lam-diu-mat-muot-phuc-hoi-da-phu-hop-cho-tre-em-tre-so-sinh-100ml-m6918702-p50037073.html?spid=68454856,True
278939024,"Cảm Biến Đo Đường Huyết Liên Tục CareSens Air, Chính hãng, Tiện lợi, Độ Chính Xác Cao",1790000.0,1790000.0,0.0,2,0.0,Làm đẹp - Sức khỏe,Tiki,Tiki,https://tiki.vn/cam-bien-do-duong-huyet-lien-tuc-caresens-air-chinh-hang-tien-loi-do-chinh-xac-cao-p278939024.html?spid=278939025,True
196332851,Vitamin Tổng Hợp Hỗ Trợ Sức Khỏe Nam Giới Blackmores Multivitamin For Men Lọ 50 Viên,534000.0,561600.0,0.05,88,4.8,Làm đẹp - Sức khỏe,Tiki,Tiki,https://tiki.vn/vitamin-tong-hop-ho-tro-suc-khoe-nam-gioi-blackmores-multivitamin-for-men-lo-50-vien-p196332851.html?spid=273930858,True
275207119,Viên uống dầu cá hồi COSTAR Omega3 tốt cho tim mạch và mắt 1000mg hộp 365 viên,1138000.0,1138000.0,0.0,4,5.0,Làm đẹp - Sức khỏe,Tiki,Tiki,https://tiki.vn/vien-uong-dau-ca-hoi-costar-omega3-ho-tro-giam-mo-mau-tot-cho-tim-mach-va-mat-1000mg-hop-365-vien-p275207119.html?spid=275207120,True
270691423,"Viên Uống Vitamin C Chống Oxy Hóa, Tăng Cường Miễn Dịch Codeage Liposomal Vitamin C (180 Viên)",1426000.0,1450000.0,0.02,10,0.0,Làm đẹp - Sức khỏe,Tiki,Tiki,https://tiki.vn/vien-uong-vitamin-c-chong-oxy-hoa-tang-cuong-mien-dich-codeage-liposomal-vitamin-c-180-vien-p270691423.html?spid=270691424,True
270691416,"Viên Uống Chống Oxy Hóa, Làm Sáng Da, Thải Độc Gan Codeage Liposomal Glutathione (60 Viên)",1547000.0,1550000.0,0.0,23,0.0,Làm đẹp - Sức khỏe,Tiki,Tiki,https://tiki.vn/vien-uong-chong-oxy-hoa-lam-sang-da-thai-doc-gan-codeage-liposomal-glutathione-60-vien-p270691416.html?spid=270691417,True
176726749,"Combo 100 gói Băng Vệ Sinh Quần Peppy Shana Ngày Đêm Siêu Thấm, Freesize, Chống Tràn Tối Đa, Tiết Kiệm (200 miếng)",1375000.0,1800000.0,0.24,24,4.6,Làm đẹp - Sức khỏe,Tiki,Tiki,https://tiki.vn/combo-100-goi-bang-ve-sinh-quan-peppy-shana-tien-loi-2-trong-1-p176726749.html?spid=176726750,True
33031423,Cân sức khỏe điện tử PS1054,790000.0,790000.0,0.0,5,0.0,Làm đẹp - Sức khỏe,Tiki,Tiki,https://tiki.vn/can-suc-khoe-dien-tu-ps1054-p33031423.html?spid=198783564,True
3282871,Gel rửa mặt tạo bọt làm sạch & giảm nhờn cho da dầu nhạy cảm La Roche-Posay Effaclar Purifying Foaming Gel (400ml),645000.0,645000.0,0.0,32,3.8,Làm đẹp - Sức khỏe,Tiki,Tiki,https://tiki.vn/gel-rua-mat-tao-bot-lam-sach-giam-nhon-cho-da-dau-nhay-cam-la-roche-posay-effaclar-purifying-foaming-gel-400ml-p3282871.html?spid=68554838,True
114271441,Bộ đôi Kem chống nắng dạng sữa dịu nhẹ cho da nhạy cảm và trẻ em (Anessa Mild Milk 60ml x2),1002000.0,1430000.0,0.3,7483,5.0,Làm đẹp - Sức khỏe,Tiki,Tiki,https://tiki.vn/bo-doi-kem-chong-nang-dang-sua-diu-nhe-cho-da-nhay-cam-va-tre-em-anessa-mild-milk-60ml-x2-p114271441.html?spid=272278861,True
56223056,Dầu gội Đông Y Whoo Spa Shampoo,525000.0,700000.0,0.25,29,5.0,Làm đẹp - Sức khỏe,Tiki,Tiki,https://tiki.vn/dau-goi-dong-y-whoo-spa-shampoo-p56223056.html?spid=56223057,True
279358971,Màu Nhuộm Tóc Thiên Nhiên Cao Cấp Từ Rishiri Nhật Bản Hair Color Treatment 200G,1000000.0,1400000.0,0.29,3,0.0,Làm đẹp - Sức khỏe,Tiki,Tiki,https://tiki.vn/mau-nhuom-phu-toc-bac-thien-nhien-cao-cap-rishiri-nhat-ban-hair-color-treatment-200g-p279358971.html?spid=279358973,True
278844089,Kem dưỡng trẻ hóa da Olay Regenerist Super Collagen Peptide (45g) - Hàng chính hãng,799000.0,799000.0,0.0,3,4.0,Làm đẹp - Sức khỏe,Tiki,Tiki,https://tiki.vn/kem-duong-tre-hoa-da-olay-regenerist-super-collagen-peptide-45g-hang-chinh-hang-p278844089.html?spid=278851881,True
278457404,Tinh chất dưỡng da Shiseido Ultimune Power Infusing 4.0 Serum 50ml,2916000.0,3240000.0,0.1,4,5.0,Làm đẹp - Sức khỏe,Tiki,Tiki,https://tiki.vn/tinh-chat-duong-da-shiseido-ultimune-power-infusing-4-0-serum-50ml-p278457404.html?spid=278457405,True
5750803,"Thực phẩm chức năng Sụn vi cá mập Orihiro Squalene Nhật Bản, 360 viên",605000.0,605000.0,0.0,5,5.0,Làm đẹp - Sức khỏe,Tiki,Tiki,https://tiki.vn/thuc-pham-chuc-nang-sun-vi-ca-map-orihiro-squalene-nhat-ban-360-vien-p5750803.html?spid=60023605,True
277742262,Hộp cơm giữ nhiệt inox 304 Elmich EL8302 dung tích 1.7L - Hàng chính hãng,780000.0,998000.0,0.22,32,5.0,Nhà cửa - Đời sống,Tiki,Tiki,https://tiki.vn/hop-com-giu-nhiet-inox-304-elmich-el8302-dung-tich-1-7l-hang-chinh-hang-p277742262.html?spid=277742264,True
277740624,Quánh Inox nguyên khối Elmich baby EL-3848 size 14cm - Hàng chính hãng,523000.0,709000.0,0.26,24,5.0,Nhà cửa - Đời sống,Tiki,Tiki,https://tiki.vn/quanh-inox-nguyen-khoi-elmich-baby-el-3848-size-14cm-hang-chinh-hang-p277740624.html?spid=277740625,True
274967167,"Ổ cắm điện đa năng Deli Công Suất 2500W - Tích Hợp Ổ USB & Type C Thiết Kế Cầu Chì Tự Ngắt Khi Quá Tải, Nắp Chống Giật",576000.0,576000.0,0.0,205,5.0,Nhà cửa - Đời sống,Tiki,Tiki,https://tiki.vn/o-cam-dien-da-nang-deli-cong-suat-2500w-tich-hop-o-usb-type-c-thiet-ke-cau-chi-tu-ngat-khi-qua-tai-nap-chong-giat-p274967167.html?spid=274967169,True
273383828,Đèn năng lượng mặt trời Vạn Năng Solar 200W-chóng chói,950000.0,950000.0,0.0,44,4.8,Nhà cửa - Đời sống,Tiki,Tiki,https://tiki.vn/den-nang-luong-mat-troi-van-nang-solar-200w-chong-choi-p273383828.html?spid=273383829,True
207941719,Bộ cây lau nhà Lock&Lock Mini Spin Mop & 4 bông lau sàn ETM498MITS2 - Màu xanh mint,638580.0,1101000.0,0.42,1083,4.5,Nhà cửa - Đời sống,Tiki,Tiki,https://tiki.vn/bo-cay-lau-nha-lock-lock-mini-spin-mop-4-bong-lau-san-etm498mits2-mau-xanh-mint-p207941719.html?spid=207941720,True
202805930,Bộ Hộp Cơm Giữ Nhiệt Hút Chân Không Lock&Lock NVY-4 - LHC8052S01,1103740.0,1903000.0,0.42,1039,4.8,Nhà cửa - Đời sống,Tiki,Tiki,https://tiki.vn/bo-hop-com-giu-nhiet-hut-chan-khong-lock-lock-nvy-4-lhc8052s01-p202805930.html?spid=202805931,True
73639044,"Bộ nồi inox 3 lớp đáy liền Elmich 2103OL size 18,20,26cm",2090000.0,2766000.0,0.24,54,4.6,Nhà cửa - Đời sống,Tiki,Tiki,https://tiki.vn/bo-noi-inox-3-lop-day-lien-elmich-2103ol-size-18-20-26cm-p73639044.html?spid=82190115,True
275570245,Chảo Inox dập nguyên khối Elmich EL2431OL,536000.0,710000.0,0.25,201,4.7,Nhà cửa - Đời sống,Tiki,Tiki,https://tiki.vn/chao-inox-dap-nguyen-khoi-elmich-el2431ol-p275570245.html?spid=275570440,True
273871624,"Thang nhôm ghế gia đình 3 bậc SUMIKA A103, chiều cao 68cm",599000.0,599000.0,0.0,69,5.0,Nhà cửa - Đời sống,Tiki,Tiki,https://tiki.vn/thang-nhom-ghe-gia-dinh-3-bac-sumika-a103-chieu-cao-68cm-p273871624.html?spid=273871626,True
273384614,Đèn năng lượng mặt trời chóng lóa Vạn Năng Solar 100W,790000.0,790000.0,0.0,64,4.7,Nhà cửa - Đời sống,Tiki,Tiki,https://tiki.vn/den-nang-luong-mat-troi-chong-loa-van-nang-solar-100w-p273384614.html?spid=273384615,True
278102658,Ly Giữ Nhiệt LocknLock Metro Cafe Tumbler LHC4418 750ml - Thép Phủ Sứ,519100.0,895000.0,0.42,11,0.0,Nhà cửa - Đời sống,Tiki,Tiki,https://tiki.vn/ly-giu-nhiet-locknlock-metro-cafe-tumbler-lhc4418-750ml-thep-phu-su-p278102658.html?spid=278102662,True
276025126,Chảo Inox liền khối Elmich Plus Trimax EL-3846MOL size 26cm,549000.0,728000.0,0.25,33,5.0,Nhà cửa - Đời sống,Tiki,Tiki,https://tiki.vn/chao-inox-nguyen-khoi-elmich-trimax-el-3846-mol-size-26cm-p276025126.html?spid=276025127,True
273158786,[Kèm Ảnh Thực Tế - Miễn phí vận chuyển & Lắp đặt] Tủ giày thông minh siêu mỏng cao cấp Ohaha - TGCC025,1290000.0,1290000.0,0.0,7,5.0,Nhà cửa - Đời sống,Tiki,Tiki,https://tiki.vn/tu-giay-thong-minh-sieu-mong-cao-cap-ohaha-tgcc025-p273158786.html?spid=273158804,True
93094433,Nệm cao su non Thắng Lợi 20cm,2775000.0,2775000.0,0.0,8,5.0,Nhà cửa - Đời sống,Tiki,Tiki,https://tiki.vn/nem-cao-su-non-thang-loi-20cm-p93094433.html?spid=93094456,True
647768,Ổ Khóa Chống Cắt Titalium ABUS 96CSTI/60 (60mm),747000.0,795000.0,0.06,462,4.8,Nhà cửa - Đời sống,Tiki,Tiki,https://tiki.vn/o-khoa-chong-cat-titalium-abus-96csti-60-60mm-p647768.html?spid=10884333,True
279214937,"Nồi chống dính LocknLock Suit Sage IH phủ sứ ceramic dùng được bếp từ, bếp gas, bếp hồng ngoại và bếp điện",777480.0,1254000.0,0.38,0,5.0,Nhà cửa - Đời sống,Tiki,Tiki,https://tiki.vn/noi-chong-dinh-locknlock-suit-sage-ih-phu-su-ceramic-dung-duoc-bep-tu-bep-gas-bep-hong-ngoai-va-bep-dien-p279214937.html?spid=279215052,True
278965714,Bộ dao kéo 05 món Elmich diamond EL8404DB - Xanh Navy,829000.0,1098000.0,0.24,14,5.0,Nhà cửa - Đời sống,Tiki,Tiki,https://tiki.vn/bo-dao-keo-05-mon-elmich-diamond-el8404-p278965714.html?spid=278965718,True
275432223,Bộ lau nhà tự vắt thông minh Elmich EL8428,699000.0,1100000.0,0.36,32,4.5,Nhà cửa - Đời sống,Tiki,Tiki,https://tiki.vn/bo-lau-nha-tu-vat-thong-minh-elmich-el8428-p275432223.html?spid=275432224,True
195109412,"Bộ nồi Inox dập nguyên khối Elmich Trimax Classic EL-2110OL Size 18, 20, 24, chảo 26cm",2333000.0,3089000.0,0.24,305,4.7,Nhà cửa - Đời sống,Tiki,Tiki,https://tiki.vn/bo-noi-inox-dap-nguyen-khoi-elmich-trimax-classic-el-2110ol-size-18-20-24-chao-26cm-p195109412.html?spid=195109415,True
164479566,"Ghế chỉnh dáng ngồi đúng - Roichen Hàn Quốc (Made in Korea). Dùng cho Nam, Nữ, Trẻ em. Hàng chính hãng",690000.0,768000.0,0.1,1080,4.8,Nhà cửa - Đời sống,Tiki,Tiki,https://tiki.vn/ghe-chinh-dang-ngoi-dung-roichen-han-quoc-made-in-korea-dung-cho-nam-nu-tre-em-hang-chinh-hang-p164479566.html?spid=164479576,True
279199211,"Ly Giữ Nhiệt LocknLock 900ml Thép Phủ Sứ, Có Ống Hút 3 màu - LHC4419",533820.0,861000.0,0.38,18,5.0,Nhà cửa - Đời sống,Tiki,Tiki,https://tiki.vn/ly-giu-nhiet-locknlock-900ml-thep-phu-su-co-ong-hut-3-mau-lhc4419-p279199211.html?spid=279199213,True
279183781,Bộ hộp cơm giữ nhiệt 2 tầng LocknLock New Tower Vacuum Lunch Box LHC8055VOL thép không gỉ 304 kèm muỗng và họa tiết trang trí,583420.0,941000.0,0.38,10,5.0,Nhà cửa - Đời sống,Tiki,Tiki,https://tiki.vn/bo-2-hop-com-giu-nhiet-locknlock-new-tower-vacuum-lunch-box-lhc8055vol-thep-khong-gi-304-kem-muong-va-hoa-tiet-trang-tri-p279183781.html?spid=279183782,True
72041730,"Bộ Dao 6 Món Lock&Lock (4 Dao, 1 Kéo, 1 Hộp Đựng Dao) CKK802",643220.0,1109000.0,0.42,981,4.8,Nhà cửa - Đời sống,Tiki,Tiki,https://tiki.vn/bo-dao-6-mon-lock-lock-4-dao-1-keo-1-hop-dung-dao-ckk802-p72041730.html?spid=72041731,True
53583472,"Bộ Hộp Cơm Giữ Nhiệt Lock&amp;Lock Easy Carry 2.0L LHC8039BLU Có Túi (1 Hộp 720ml, 2 Hộp 420ml Kèm 1 Bộ Muỗng Và Nĩa) - Màu Xanh",1226120.0,2114000.0,0.42,12266,4.7,Nhà cửa - Đời sống,Tiki,Tiki,https://tiki.vn/bo-hop-com-giu-nhiet-lock-lock-easy-carry-2l-lhc8039-co-tui-1-hop-720ml-2-hop-420ml-kem-1-bo-muong-va-nia-p53583472.html?spid=53583476,True
277725807,Nồi áp suất inox 304 Elmich EL8278 22cm 5L - Hàng chính hãng,1696000.0,2439000.0,0.3,8,5.0,Nhà cửa - Đời sống,Tiki,Tiki,https://tiki.vn/noi-ap-suat-inox-304-elmich-el8278-22cm-5l-hang-chinh-hang-p277725807.html?spid=277725809,True
276976111,"Bộ Khung Lưới Pickleball Mini Từ 1.5m Đến 6m Tháo Lắp Tiện Lợi, Sử Dụng Gia Đình Chính Hãng Đại Nam Sport",599000.0,599000.0,0.0,33,5.0,Nhà cửa - Đời sống,Tiki,Tiki,https://tiki.vn/bo-khung-luoi-pickleball-mini-tu-1-5m-den-6m-thao-lap-tien-loi-su-dung-gia-dinh-chinh-hang-dai-nam-sport-p276976111.html?spid=276976113,True
276479000,Chảo phủ sứ an toàn Elmich Olive EL5965OV,581000.0,789000.0,0.26,43,5.0,Nhà cửa - Đời sống,Tiki,Tiki,https://tiki.vn/chao-phu-su-an-toan-elmich-olive-el5965ov-p276479000.html?spid=276479456,True
276478995,Nồi phủ sứ an toàn Elmich Olive EL5523OV,524000.0,899000.0,0.42,11,5.0,Nhà cửa - Đời sống,Tiki,Tiki,https://tiki.vn/noi-phu-su-an-toan-elmich-olive-el5523ov-p276478995.html?spid=276479533,True
273978785,Đèn năng lượng mặt trời chóng loá Vạn Năng Solar 50W,610000.0,610000.0,0.0,58,5.0,Nhà cửa - Đời sống,Tiki,Tiki,https://tiki.vn/den-nang-luong-mat-troi-chong-loa-van-nang-solar-50w-p273978785.html?spid=273978786,True
277725802,Bếp nướng lẩu đa năng Elmich HGE-3908 - Hàng chính hãng,1200000.0,1589000.0,0.24,31,4.5,Nhà cửa - Đời sống,Tiki,Tiki,https://tiki.vn/bep-nuong-lau-da-nang-elmich-hge-3908-hang-chinh-hang-p277725802.html?spid=277725803,True
276479013,Bộ nồi phủ sứ an toàn Elmich Olive EL-5220OV03,2339000.0,3359000.0,0.3,1,0.0,Nhà cửa - Đời sống,Tiki,Tiki,https://tiki.vn/bo-noi-phu-su-an-toan-elmich-olive-el-5220ov03-p276479013.html?spid=276479014,True
274383066,Bồn cầu nguyên khối Juno Sofa Yoshi nano kháng khuẩn CTT05 650 x 360 x 745mm,2000000.0,2784000.0,0.28,5,5.0,Nhà cửa - Đời sống,Tiki,Tiki,https://tiki.vn/bon-cau-nguyen-khoi-juno-sofa-yoshi-nano-khang-khuan-ctt05-650-x-360-x-745mm-p274383066.html?spid=274383067,True
164158130,"Hộp 48 Viên Pin AA , AAA DURACELL Alkaline 1,5V siêu bền bỉ tiết kiệm - Hàng chính hãng",600000.0,600000.0,0.0,73,5.0,Nhà cửa - Đời sống,Tiki,Tiki,https://tiki.vn/hop-48-vien-pin-aa-aaa-duracell-alkaline-1-5v-sieu-ben-bi-tiet-kiem-hang-chinh-hang-p164158130.html?spid=164158134,True
120169265,Thớt gỗ óc chó nhập khẩu Mỹ - bày pizza dùng trang trí/ chụp hình (đủ kích cỡ và kiểu dáng),520000.0,520000.0,0.0,9,5.0,Nhà cửa - Đời sống,Tiki,Tiki,https://tiki.vn/thot-go-oc-cho-bay-pizza-dung-trang-tri-chup-hinh-freeship-don-50k-du-kich-co-va-kieu-dang-hahanco-p120169265.html?spid=214203301,True
2119169,Bộ Cây Lau Nhà Lock&Lock Squeeze Flat Mop ETM471,644380.0,1111000.0,0.42,10204,4.6,Nhà cửa - Đời sống,Tiki,Tiki,https://tiki.vn/bo-cay-lau-nha-lock-lock-squeeze-flat-mop-etm471-p2119169.html?spid=2130485,True
278525716,"Két Sắt Vân Tay DELI, Két Sắt Điện Tử Thông Minh Chống Cưa Cắt Chống Cháy An Toàn Bảo Vệ Tài Sản",4077000.0,4077000.0,0.0,0,0.0,Nhà cửa - Đời sống,Tiki,Tiki,https://tiki.vn/ket-sat-van-tay-deli-ket-sat-dien-tu-thong-minh-chong-cua-cat-chong-chay-an-toan-bao-ve-tai-san-p278525716.html?spid=278525724,True
276025157,Chảo inox 3 lớp nguyên khối Elmich Trimax EL-3846 size 26,527000.0,698000.0,0.24,47,4.3,Nhà cửa - Đời sống,Tiki,Tiki,https://tiki.vn/chao-inox-3-lop-nguyen-khoi-elmich-trimax-el-3846-size-26-p276025157.html?spid=276025158,True
277549470,[Mỹ] Ổ cắm điện Energizer đa năng 3AC kèm 2USB-A và 2USB-C sạc nhanh PD (max PD 65W) - Energizer EPB3250W00EU,669000.0,669000.0,0.0,34,5.0,Nhà cửa - Đời sống,Tiki,Tiki,https://tiki.vn/my-o-cam-dien-energizer-da-nang-3ac-kem-2usb-a-va-2usb-c-sac-nhanh-pd-max-pd-65w-energizer-epb3250w00eu-p277549470.html?spid=277549471,True
275008437,"Bình đun giữ nhiệt Locknlock Heating tumbler EJC723 - 220-240V, 50-60Hz, 300W - Dung tích 300ml",1078220.0,1859000.0,0.42,142,4.7,Nhà cửa - Đời sống,Tiki,Tiki,https://tiki.vn/binh-dun-giu-nhiet-locknlock-heating-tumbler-ejc723ivy-220-240v-50-60hz-300w-dung-tich-300ml-p275008437.html?spid=275009261,True
261969207,"[Ghế Roichen - Chính hãng] Ghế chỉnh dáng ngồi đúng Roichen - Hàn Quốc (Made in Korea). Dùng cho Nam, Nữ, Trẻ em",690000.0,768000.0,0.1,42,5.0,Nhà cửa - Đời sống,Tiki,Tiki,https://tiki.vn/ghe-chinh-dang-ngoi-dung-roichen-han-quoc-made-in-korea-dung-cho-nam-nu-tre-em-p261969207.html?spid=261969213,True
276833384,Bộ 3 Cuốn Sách Kiếm Tiền Cùng ChatGPT - Đồ Họa AI - Viết Và Sáng Tạo Nội Dung - Vanlangbooks,648970.0,889000.0,0.27,19,4.5,Sách tiếng Việt,Tiki,Tiki,https://tiki.vn/bo-3-cuon-sach-kiem-tien-cung-chatgpt-do-hoa-ai-viet-va-sang-tao-noi-dung-vanlangbooks-p276833384.html?spid=276833385,True
113398558,Sách - HBR Guide 2021: Kỹ Năng Quản Lý Chuyên Sâu Từ Harvard Business Review ( Bộ 10 cuốn + tặng kèm boxset),595000.0,1190000.0,0.5,8,0.0,Sách tiếng Việt,Tiki,Tiki,https://tiki.vn/sach-hbr-guide-2021-ky-nang-quan-ly-chuyen-sau-tu-harvard-business-review-bo-10-cuon-tang-kem-boxset-p113398558.html?spid=134404532,True
278961379,KỸ THUẬT AI: XÂY DỰNG ỨNG DỤNG VỚI MÔ HÌNH NỀN TẢNG - CHIP HUYEN - Dịch giả: Lê Thành Hưng - Times Book,555000.0,555000.0,0.0,17,0.0,Sách tiếng Việt,Tiki,Tiki,https://tiki.vn/ky-thuat-ai-xay-dung-ung-dung-voi-mo-hinh-nen-tang-chip-huyen-dich-gia-le-thanh-hung-times-book-p278961379.html?spid=278961380,True
277320529,"Sách - Quản Lý Bất Động Sản Cho Thuê - Tìm Kiếm, Sàng Lọc Và Quản Lý Người Thuê Nhẹ Nhàng Hơn Với Tối Đa Lợi Nhuận - NXB Xây Dựng",545000.0,545000.0,0.0,1,0.0,Sách tiếng Việt,Tiki,Tiki,https://tiki.vn/sach-quan-ly-bat-dong-san-cho-thue-tim-kiem-sang-loc-va-quan-ly-nguoi-thue-nhe-nhang-hon-voi-toi-da-loi-nhuan-nxb-xay-dung-p277320529.html?spid=279333105,True
31088842,Combo Warren Buffett - Quá Trình Hình Thành Một Nhà Tư Bản Mỹ + Warren Buffett - Nhà Đầu Tư Vĩ Đại Nhất Thế Giới Dưới Góc Nhìn Truyền Thông + Những Bài Học Đầu Tư Từ Warren Buffett +Phương Pháp Đầu Tư Warren Buffett,791500.0,791500.0,0.0,43,4.8,Sách tiếng Việt,Tiki,Tiki,https://tiki.vn/combo-warren-buffett-qua-trinh-hinh-thanh-mot-nha-tu-ban-my-warren-buffett-nha-dau-tu-vi-dai-nhat-the-gioi-duoi-goc-nhin-truyen-thong-nhung-bai-hoc-dau-tu-tu-warren-buffett-phuong-phap-dau-tu-warren-buffett-p31088842.html?spid=36843636,True
20906285,Combo 2 Cuốn Kỹ Năng làm Việc: Phân Tích Chứng Khoán + Nhà Đầu Tư Thông Minh (tặng kèm bookmark thiết kế aha) ,698000.0,698000.0,0.0,2,0.0,Sách tiếng Việt,Tiki,Tiki,https://tiki.vn/combo-2-cuon-ky-nang-lam-viec-phan-tich-chung-khoan-nha-dau-tu-thong-minh-tang-kem-bookmark-thiet-ke-aha-p20906285.html?spid=277069081,True
109776146,Sách - HBR OnPoint 2021- Quý I - Quản Lý Xuyên Khủng Hoảng (Combo 3 cuốn),597000.0,597000.0,0.0,0,0.0,Sách tiếng Việt,Tiki,Tiki,https://tiki.vn/sach-hbr-onpoint-2021-quy-i-quan-ly-xuyen-khung-hoang-combo-3-cuon-p109776146.html?spid=258929243,True
277370135,Combo 5 cuốn: Chat GPT + Chat GPT Thực Chiến + AI 5.0 + The AI Edge + AI Công Cụ Nâng Cao Hiệu Suất Công Việc,591100.0,935000.0,0.37,70,5.0,Sách tiếng Việt,Tiki,Tiki,https://tiki.vn/combo-5-cuon-chat-gpt-chat-gpt-thuc-chien-ai-5-0-the-ai-edge-ai-cong-cu-nang-cao-hieu-suat-cong-viec-p277370135.html?spid=277480642,True
194033659,HBR OnPoint 2022 - Combo 3 Cuốn Phát Triển Sự Nghiệp (Kỳ 2),685000.0,807000.0,0.15,28,5.0,Sách tiếng Việt,Tiki,Tiki,https://tiki.vn/hbr-onpoint-2022-combo-3-cuon-phat-trien-su-nghiep-ky-2-p194033659.html?spid=194134335,True
