ma_san_pham,ten_san_pham,nganh_hang,shop,gia,gia_goc,ty_le_giam,luot_ban,danh_gia,url,da_kiem_tra_gia_ao
1080002,Sách Boxset Harry Potter - Tiếng Việt (Trọn Bộ 7 Tập),Điện thoại (Cũ),Tiki,1374000,1750000,0.21,10882,4.7,https://tiki.vn/sach-boxset-harry-potter-tieng-viet-tron-bo-7-tap-p1080002.html?spid=1080024,True
19824204,Combo Doraemon Truyện Ngắn (45 Tập) - Tái Bản,Điện thoại (Cũ),Tiki,982800,1119000,0.12,3068,4.8,https://tiki.vn/combo-doraemon-truyen-ngan-45-tap-tai-ban-p19824204.html?spid=19824205,True
509618,Combo Dragon Ball (Trọn Bộ 42 Tập),Điện thoại (Cũ),Tiki,1192250,1260000,0.05,3093,4.8,https://tiki.vn/combo-dragon-ball-tron-bo-42-tap-p509618.html?spid=226387,True
279411794,Máy tính bảng Samsung Galaxy Tab A11 4G ( 4GB/64GB) - Hàng chính hãng,Điện thoại (Cũ),Tiki,6990000,6990000,0.0,110,0.0,https://tiki.vn/may-tinh-bang-samsung-galaxy-tab-a11-4g-4gb-64gb-p279411794.html?spid=279412568,True
279411764,Máy Tính Bảng Samsung Galaxy Tab A11 WiFi (4GB/64GB) - Hàng chính hãng,Điện thoại (Cũ),Tiki,5990000,5990000,0.0,182,0.0,https://tiki.vn/may-tinh-bang-samsung-galaxy-tab-a11-wifi-4gb-64gb-p279411764.html?spid=279411768,True
279314917,Điện thoại Xiaomi Redmi Note 15 Pro 12GB/256GB - Hàng Chính Hãng,Điện thoại (Cũ),Tiki,7590000,7590000,0.0,7,4.7,https://tiki.vn/dien-thoai-xiaomi-redmi-note-15-pro-12gb-256gb-hang-chinh-hang-p279314917.html?spid=279322849,True
279314906,Điện thoại Xiaomi Redmi Note 15 Pro 8GB/256GB - Hàng Chính Hãng,Điện thoại (Cũ),Tiki,7250000,7250000,0.0,0,0.0,https://tiki.vn/dien-thoai-xiaomi-redmi-note-15-pro-8gb-256gb-hang-chinh-hang-p279314906.html?spid=279314910,True
279297038,Điện Thoại Samsung Galaxy A57 5G 8GB/128GB - Hàng Chính Hãng,Điện thoại (Cũ),Tiki,10199000,12490000,0.18,0,0.0,https://tiki.vn/dien-thoai-samsung-galaxy-a57-5g-8gb-128gb-hang-chinh-hang-p279297038.html?spid=279297040,True
279257510,Điện Thoại Samsung Galaxy A57 5G ( 8GB/128GB) - Hàng Chính Hãng,Điện thoại (Cũ),Tiki,12490000,12490000,0.0,13,4.8,https://tiki.vn/dien-thoai-samsung-galaxy-a57-5g-8gb-128gb-hang-chinh-hang-p279257510.html?spid=279257516,True
279257463,Điện Thoại Samsung Galaxy A37 5G (8GB/128GB) - Hàng Chính Hãng,Điện thoại (Cũ),Tiki,10990000,10990000,0.0,3,5.0,https://tiki.vn/dien-thoai-samsung-galaxy-a37-5g-hang-chinh-hang-p279257463.html?spid=279257465,True
279254865,Điện Thoại Xiaomi Redmi Note 15 Pro 5G 12GB/256GB - Hàng Chính Hãng,Điện thoại (Cũ),Tiki,9839000,11490000,0.14,0,5.0,https://tiki.vn/dien-thoai-xiaomi-redmi-note-15-pro-5g-12gb-256gb-hang-chinh-hang-p279254865.html?spid=279254871,True
279231976,Apple iPad Air M4 11-Inch Wi-Fi,Điện thoại (Cũ),Tiki,18990000,18990000,0.0,9,5.0,https://tiki.vn/apple-ipad-air-m4-11-inch-wi-fi-hang-chinh-hang-p279231976.html?spid=279231986,True
279211779,Điện thoại Samsung Galaxy A07 5G (4GB/128GB) - Hàng chính hãng,Điện thoại (Cũ),Tiki,5090000,5090000,0.0,0,0.0,https://tiki.vn/dien-thoai-samsung-galaxy-a07-5g-4gb-128gb-hang-chinh-hang-p279211779.html?spid=279211783,True
279188180,Máy Tính Bảng Galaxy Tab S10 Lite Wifi (8GB/256GB) - Hàng Chính Hãng,Điện thoại (Cũ),Tiki,11990000,11990000,0.0,97,0.0,https://tiki.vn/may-tinh-bang-galaxy-tab-s10-lite-wifi-8gb-256gb-hang-chinh-hang-p279188180.html?spid=279188182,True
279185853,Điện Thoại Samsung Galaxy S26 Ultra (12GB/256GB) - Hàng Chính Hãng,Điện thoại (Cũ),Tiki,27900000,36990000,0.25,0,0.0,https://tiki.vn/dien-thoai-samsung-galaxy-s26-ultra-12gb-256gb-hang-chinh-hang-p279185853.html?spid=279185857,True
279185842,Điện Thoại Samsung Galaxy S26+ (12GB/256GB) - Hàng Chính Hãng,Điện thoại (Cũ),Tiki,21990000,29990000,0.27,0,0.0,https://tiki.vn/dien-thoai-samsung-galaxy-s26-12gb-256gb-hang-chinh-hang-p279185842.html?spid=279185844,True
279185812,Điện Thoại Samsung Galaxy S26 (12GB/256GB) - Hàng Chính Hãng,Điện thoại (Cũ),Tiki,25990000,25990000,0.0,1,0.0,https://tiki.vn/dien-thoai-samsung-galaxy-s26-12gb-256gb-hang-chinh-hang-p279185812.html?spid=279185818,True
279122014,Điện thoại Xiaomi Redmi Note 15 Pro (12GB/256GB) - Hàng chính hãng,Điện thoại (Cũ),Tiki,8290000,10090000,0.18,0,0.0,https://tiki.vn/dien-thoai-xiaomi-redmi-note-15-pro-12gb-256gb-hang-chinh-hang-p279122014.html?spid=279122018,True
279077078, Điện thoại Oppo A5x (4GB/128GB) - Hàng chính hãng,Điện thoại (Cũ),Tiki,4690000,4690000,0.0,6921,0.0,https://tiki.vn/dien-thoai-oppo-a5x-4gb-128gb-hang-chinh-hang-p279077078.html?spid=279077080,True
279076946,Điện Thoại Xiaomi Redmi Note 15 6GB/128GB - Hàng Chính Hãng,Điện thoại (Cũ),Tiki,5069000,5990000,0.15,0,0.0,https://tiki.vn/dien-thoai-xiaomi-redmi-note-15-6gb-128gb-hang-chinh-hang-p279076946.html?spid=279076952,True
278820676,Điện Thoại Xiaomi 15T Pro 5G 12GB/512GB - Hàng Chính Hãng,Điện thoại (Cũ),Tiki,16959000,19490000,0.13,0,0.0,https://tiki.vn/dien-thoai-xiaomi-15t-pro-5g-12gb-512gb-hang-chinh-hang-p278820676.html?spid=278820682,True
278814651,Điện thoại Xiaomi Redmi 15C (6GB/128GB) - Hàng chính hãng,Điện thoại (Cũ),Tiki,4990000,4990000,0.0,2,0.0,https://tiki.vn/dien-thoai-xiaomi-redmi-15c-6gb-128gb-hang-chinh-hang-p278814651.html?spid=279051355,True
278730376,Máy tính bảng Samsung Galaxy Tab A11 Wifi (4GB/64GB) - Hàng chính hãng,Điện thoại (Cũ),Tiki,3990000,3990000,0.0,0,0.0,https://tiki.vn/may-tinh-bang-samsung-galaxy-tab-a11-wifi-4gb-64gb-hang-chinh-hang-p278730376.html?spid=278730380,True
278729165,Máy tính bảng Samsung Galaxy Tab A11 LTE (4GB/64GB) - Hàng chính hãng,Điện thoại (Cũ),Tiki,5490000,5490000,0.0,2,0.0,https://tiki.vn/may-tinh-bang-samsung-galaxy-tab-a11-lte-4gb-64gb-hang-chinh-hang-p278729165.html?spid=278729169,True
278635796,Điện Thoại Samsung Galaxy A17 8GB/128GB - Hàng Chính Hãng,Điện thoại (Cũ),Tiki,5359000,5359000,0.0,3,0.0,https://tiki.vn/dien-thoai-samsung-galaxy-a17-8gb-128gb-hang-chinh-hang-p278635796.html?spid=278635798,True
278630285,Apple iPhone Air - Xanh Da Trời - 256GB,Điện thoại (Cũ),Tiki,22500000,22500000,0.0,53,5.0,https://tiki.vn/apple-iphone-air-p278630285.html?spid=278630803,True
278630241,Apple iPhone 17,Điện thoại (Cũ),Tiki,23500000,23500000,0.0,249,5.0,https://tiki.vn/apple-iphone-17-p278630241.html?spid=278630827,True
278628866,Apple iPhone 17 Pro Max,Điện thoại (Cũ),Tiki,33490000,33490000,0.0,4968,5.0,https://tiki.vn/apple-iphone-17-pro-max-p278628866.html?spid=278630786,True
278628812,Apple iPhone 17 Pro,Điện thoại (Cũ),Tiki,30990000,30990000,0.0,433,5.0,https://tiki.vn/apple-iphone-17-pro-p278628812.html?spid=278630775,True
278591193,Điện thoại Samsung Galaxy A17 5G (8GB/128GB) - Hàng chính hãng,Điện thoại (Cũ),Tiki,6390000,6390000,0.0,0,0.0,https://tiki.vn/dien-thoai-samsung-galaxy-a17-5g-8gb-128gb-hang-chinh-hang-p278591193.html?spid=278591198,True
278540683,Điện Thoại Samsung Galaxy A17 5G 8GB/128GB - Hàng Chính Hãng,Điện thoại (Cũ),Tiki,6129000,6190000,0.01,2,0.0,https://tiki.vn/dien-thoai-samsung-galaxy-a17-5g-8gb-128gb-hang-chinh-hang-p278540683.html?spid=278540689,True
277944334,Điện Thoại Samsung Galaxy A06 5G 4GB/64GB - Hàng Chính Hãng,Điện thoại (Cũ),Tiki,3389000,3490000,0.03,8,5.0,https://tiki.vn/dien-thoai-samsung-a06-5g-4gb-64gb-hang-chinh-hang-p277944334.html?spid=277944340,True
277812880,Máy Tính Bảng Galaxy Tab S10 FE Wifi (8GB/128GB) - Hàng Chính Hãng,Điện thoại (Cũ),Tiki,11990000,11990000,0.0,46,5.0,https://tiki.vn/may-tinh-bang-galaxy-tab-s10-fe-wifi-8gb-128gb-hang-chinh-hang-p277812880.html?spid=277812886,True
277646748,Điện thoại Samsung Galaxy A06 5G (4GB/64GB) - Hàng chính hãng,Điện thoại (Cũ),Tiki,3990000,3990000,0.0,2,5.0,https://tiki.vn/dien-thoai-samsung-galaxy-a06-5g-4gb-64gb-hang-chinh-hang-p277646748.html?spid=277646755,True
277619147,Máy tính bảng iPad Gen 11 (A16) WiFi,Điện thoại (Cũ),Tiki,11990000,11990000,0.0,474,5.0,https://tiki.vn/may-tinh-bang-ipad-gen-11-a16-wifi-p277619147.html?spid=277619155,True
276539826,"Máy đọc sách New Kindle 2024, 16Gb Mới nguyên Seal - Hàng chính hãng",Điện thoại (Cũ),Tiki,3690000,3690000,0.0,9,5.0,https://tiki.vn/may-doc-sach-new-kindle-2024-16gb-moi-nguyen-seal-hang-chinh-hang-p276539826.html?spid=276540791,True
276448920,"Máy đọc sách Amazon Kindle Paperwhite 6 (Gen 12th), Mới nguyên Seal - Hàng chính hãng",Điện thoại (Cũ),Tiki,4890000,4890000,0.0,24,5.0,https://tiki.vn/may-doc-sach-amazon-kindle-paperwhite-6-gen-12th-hang-chinh-hang-p276448920.html?spid=276448922,True
275386982,Điện Thoại Nokia 220 4G - Hàng Chính Hãng,Điện thoại (Cũ),Tiki,1089000,1190000,0.08,17,5.0,https://tiki.vn/dien-thoai-nokia-220-4g-hang-chinh-hang-p275386982.html?spid=275386986,True
271234577,Điện Thoại Nokia 105 4G Pro - Hàng Chính Hãng,Điện thoại (Cũ),Tiki,849000,849000,0.0,20,5.0,https://tiki.vn/dien-thoai-nokia-105-4g-pro-hang-chinh-hang-p271234577.html?spid=271234579,True
252586291,Máy đọc sách All New Kindle Paperwhite 5 (11th Gen) - Hàng chính hãng,Điện thoại (Cũ),Tiki,4130000,4130000,0.0,521,5.0,https://tiki.vn/may-doc-sach-all-new-kindle-paperwhite-5-11th-gen-hang-nhap-khau-p252586291.html?spid=252586532,True
201067649,Combo máy đọc sách Kindle Paperwhite 5 (11th gen) tặng kèm bao da ( Cover ) - Hàng nhập khẩu,Điện thoại (Cũ),Tiki,3890000,3890000,0.0,255,5.0,https://tiki.vn/combo-may-doc-sach-kindle-paperwhite-5-8gb-black-11th-gen-tang-kem-bao-da-cover-hang-nhap-khau-p201067649.html?spid=184640915,True
196197701,Điện thoại Samsung Galaxy Z Fold4 5G (12GB/256GB) - Hàng chính hãng,Điện thoại (Cũ),Tiki,40990000,40990000,0.0,0,0.0,https://tiki.vn/dien-thoai-samsung-galaxy-z-fold4-5g-12gb-256gb-hang-chinh-hang-p196197701.html?spid=196197705,True
279463314,Điện thoại Xiaomi Redmi Note 15 (8GB/128GB) - Hàng chính hãng,Điện thoại (Cũ),Tiki,6490000,6490000,0.0,0,0.0,https://tiki.vn/dien-thoai-xiaomi-redmi-note-15-8gb-128gb-hang-chinh-hang-p279463314.html?spid=279463318,True
279418684,Điện Thoại Xiaomi Redmi 15 5G 4GB/128GB - Hàng Chính Hãng,Điện thoại (Cũ),Tiki,4439000,5690000,0.22,0,0.0,https://tiki.vn/dien-thoai-xiaomi-redmi-15-5g-4gb-128gb-hang-chinh-hang-p279418684.html?spid=279418686,True
279418598,Điện Thoại Samsung Galaxy A07 5G 4GB/128GB - Hàng Chính Hãng,Điện thoại (Cũ),Tiki,4299000,4590000,0.06,0,0.0,https://tiki.vn/dien-thoai-samsung-galaxy-a07-5g-4gb-128gb-hang-chinh-hang-p279418598.html?spid=279418600,True
279402741,Điện thoại Samsung Galaxy A07 5G (4GB/64GB) - Hàng chính hãng,Điện thoại (Cũ),Tiki,4690000,4690000,0.0,0,0.0,https://tiki.vn/dien-thoai-samsung-galaxy-a07-5g-4gb-64gb-hang-chinh-hang-p279402741.html?spid=279402747,True
279389858,Điện thoại Xiaomi Redmi A7 Pro (4GB/64GB) - Hàng chính hãng,Điện thoại (Cũ),Tiki,4190000,4190000,0.0,0,0.0,https://tiki.vn/dien-thoai-xiaomi-redmi-a7-pro-hang-chinh-hang-p279389858.html?spid=279389860,True
279303104,Điện Thoại Realme C85 5G 8GB/128GB - Hàng Chính Hãng,Điện thoại (Cũ),Tiki,5639000,8090000,0.3,0,0.0,https://tiki.vn/dien-thoai-realme-c85-5g-8gb-128gb-hang-chinh-hang-p279303104.html?spid=279303106,True
279280385,Điện thoại Xiaomi Redmi Note 15 Pro (8GB/256GB) - Hàng chính hãng,Điện thoại (Cũ),Tiki,8990000,8990000,0.0,0,0.0,https://tiki.vn/dien-thoai-xiaomi-redmi-note-15-pro-8gb-256gb-hang-chinh-hang-p279280385.html?spid=279280389,True
279278848,Điện thoại Samsung Galaxy A37 5G (8GB/128GB) - Hàng chính hãng,Điện thoại (Cũ),Tiki,10790000,10790000,0.0,0,0.0,https://tiki.vn/dien-thoai-samsung-galaxy-a37-5g-8gb-128gb-hang-chinh-hang-p279278848.html?spid=279278850,True
279277488,Điện thoại Samsung Galaxy A57 5G (8GB/128GB) - Hàng chính hãng,Điện thoại (Cũ),Tiki,12490000,12490000,0.0,1,5.0,https://tiki.vn/dien-thoai-samsung-galaxy-a57-5g-8gb-128gb-hang-chinh-hang-p279277488.html?spid=279277490,True
279277056,Điện thoại Samsung Galaxy S26+ (12GB/256GB) - Hàng chính hãng,Điện thoại (Cũ),Tiki,29990000,29990000,0.0,0,0.0,https://tiki.vn/dien-thoai-samsung-galaxy-s26-12gb-256gb-hang-chinh-hang-p279277056.html?spid=279277060,True
279255062,Máy Tính Bảng Xiaomi Redmi Pad 2 Wifi 6GB/128GB - Hàng Chính Hãng,Điện thoại (Cũ),Tiki,6129000,6690000,0.08,0,0.0,https://tiki.vn/may-tinh-bang-xiaomi-redmi-pad-2-wifi-6gb-128gb-hang-chinh-hang-p279255062.html?spid=279255066,True
279254739,Điện Thoại Xiaomi Redmi 15 5G 8GB/256GB - Hàng Chính Hãng,Điện thoại (Cũ),Tiki,6279000,6690000,0.06,2,5.0,https://tiki.vn/dien-thoai-xiaomi-redmi-15-5g-8gb-256gb-hang-chinh-hang-p279254739.html?spid=279254741,True
279212199,Điện thoại Samsung Galaxy A17 5G (4GB/128GB) - Hàng chính hãng,Điện thoại (Cũ),Tiki,6190000,6190000,0.0,0,0.0,https://tiki.vn/dien-thoai-samsung-galaxy-a17-5g-4gb-128gb-hang-chinh-hang-p279212199.html?spid=279212205,True
279174132,Máy Tính Bảng Samsung Galaxy Tab A11 Wifi 4GB/64GB - Hàng Chính Hãng,Điện thoại (Cũ),Tiki,3499000,3990000,0.12,0,0.0,https://tiki.vn/may-tinh-bang-samsung-galaxy-tab-a11-wifi-4gb-64gb-hang-chinh-hang-p279174132.html?spid=279174136,True
279076844,Điện Thoại Xiaomi Redmi Note 15 5G 6GB/128GB - Hàng Chính Hãng,Điện thoại (Cũ),Tiki,6119000,7490000,0.18,1,5.0,https://tiki.vn/dien-thoai-xiaomi-redmi-note-15-5g-6gb-128gb-hang-chinh-hang-p279076844.html?spid=279076846,True
279076808,Điện Thoại Xiaomi Redmi Note 15 Pro 12GB/256GB - Hàng Chính Hãng,Điện thoại (Cũ),Tiki,8299000,10090000,0.18,0,0.0,https://tiki.vn/dien-thoai-xiaomi-redmi-note-15-pro-12gb-256gb-hang-chinh-hang-p279076808.html?spid=279076812,True
279076001,Điện Thoại Oppo A6t 6GB/256GB - Hàng Chính Hãng,Điện thoại (Cũ),Tiki,7389000,7490000,0.01,0,0.0,https://tiki.vn/dien-thoai-oppo-a6t-6gb-256gb-hang-chinh-hang-p279076001.html?spid=279076005,True
279075921,Điện Thoại Oppo A6t 4GB/128GB - Hàng Chính Hãng,Điện thoại (Cũ),Tiki,5349000,5490000,0.03,0,0.0,https://tiki.vn/dien-thoai-oppo-a6t-4gb-128gb-hang-chinh-hang-p279075921.html?spid=279075925,True
279075851,Điện Thoại Oppo Reno15 5G 12GB/256GB - Hàng Chính Hãng,Điện thoại (Cũ),Tiki,14729000,16990000,0.13,0,0.0,https://tiki.vn/dien-thoai-oppo-reno15-5g-12gb-256gb-hang-chinh-hang-p279075851.html?spid=279075855,True
278834233,Điện Thoại Xiaomi Redmi Note 14 8GB/256GB - Hàng Chính Hãng,Điện thoại (Cũ),Tiki,5979000,6190000,0.03,0,0.0,https://tiki.vn/dien-thoai-xiaomi-redmi-note-14-8gb-256gb-hang-chinh-hang-p278834233.html?spid=278834239,True
278834052,Điện Thoại Xiaomi Redmi Note 14 8GB/128GB - Hàng Chính Hãng,Điện thoại (Cũ),Tiki,4999000,5490000,0.09,1,0.0,https://tiki.vn/dien-thoai-xiaomi-redmi-note-14-8gb-128gb-hang-chinh-hang-p278834052.html?spid=278834054,True
278672823,Điện thoại Samsung Galaxy A17 LTE (8GB/128GB) - Hàng chính hãng,Điện thoại (Cũ),Tiki,6190000,6190000,0.0,0,0.0,https://tiki.vn/dien-thoai-samsung-galaxy-a17-lte-8gb-128gb-hang-chinh-hang-p278672823.html?spid=278672827,True
278592429,Điện thoại Samsung Galaxy A07 LTE (6GB/128GB) - Hàng chính hãng,Điện thoại (Cũ),Tiki,4490000,4490000,0.0,0,0.0,https://tiki.vn/dien-thoai-samsung-galaxy-a07-lte-6gb-128gb-hang-chinh-hang-p278592429.html?spid=278592431,True
278591094,Điện thoại Samsung Galaxy A07 LTE (4GB/128GB) - Hàng chính hãng,Điện thoại (Cũ),Tiki,4190000,4190000,0.0,0,0.0,https://tiki.vn/dien-thoai-samsung-galaxy-a07-lte-4gb-128gb-hang-chinh-hang-p278591094.html?spid=278591100,True
277811118,Điện Thoại Xiaomi Redmi Note 14 5G 8GB/256GB - Hàng Chính Hãng,Điện thoại (Cũ),Tiki,6199000,7290000,0.15,1,0.0,https://tiki.vn/dien-thoai-xiaomi-redmi-note-14-5g-8gb-256gb-hang-chinh-hang-p277811118.html?spid=277811124,True
277737595,Điện Thoại Samsung Galaxy A06 5G 4GB/128GB - Hàng Chính Hãng,Điện thoại (Cũ),Tiki,3799000,4490000,0.15,17,4.8,https://tiki.vn/dien-thoai-samsung-a06-5g-4gb-128gb-hang-chinh-hang-p277737595.html?spid=277737599,True
277651890,Điện thoại Samsung Galaxy A06 5G (4GB/128GB) - Hàng chính hãng,Điện thoại (Cũ),Tiki,4490000,4490000,0.0,0,0.0,https://tiki.vn/dien-thoai-samsung-galaxy-a06-5g-4gb-128gb-hang-chinh-hang-p277651890.html?spid=277651926,True
277175955,Điện Thoại Xiaomi Redmi A3 3GB/64GB - Hàng Chính Hãng,Điện thoại (Cũ),Tiki,2690000,2690000,0.0,9,0.0,https://tiki.vn/dien-thoai-xiaomi-redmi-a3-3gb-64gb-hang-chinh-hang-p277175955.html?spid=277175957,True
276451993,"Máy đọc sách Basic 2024 màn hình 6 inch, độ phân giải 300ppi, dung Lượng 16GB, cổng sạc type C - HÀNG CHÍNH HÃNG",Điện thoại (Cũ),Tiki,3790000,3790000,0.0,6,0.0,https://tiki.vn/may-doc-sach-basic-2024-man-hinh-6-inch-do-phan-giai-300ppi-dung-luong-16gb-cong-sac-type-c-p276451993.html?spid=276452015,True
275386649,Điện Thoại Nokia 3210 4G - Hàng Chính Hãng,Điện thoại (Cũ),Tiki,1549000,1790000,0.13,5,5.0,https://tiki.vn/dien-thoai-nokia-3210-4g-hang-chinh-hang-p275386649.html?spid=275386651,True
274375122,Điện thoại Xiaomi Redmi Note 13 Pro 4G (8GB/128GB) - Hàng chính hãng,Điện thoại (Cũ),Tiki,7290000,7290000,0.0,0,0.0,https://tiki.vn/dien-thoai-xiaomi-redmi-note-13-pro-4g-8gb-128gb-hang-chinh-hang-p274375122.html?spid=274375124,True
271530789,Combo Máy đọc sách All New Kindle Paperwhite 6 - Hàng chính hãng,Điện thoại (Cũ),Tiki,4790000,4790000,0.0,17,4.7,https://tiki.vn/combo-may-doc-sach-all-new-kindle-paperwhite-5-11th-kids-edittion-khong-quang-cao-va-bao-da-hang-chinh-hang-p271530789.html?spid=276464092,True
271362153,"Combo Máy đọc sách All New Kindle Paperwhite 5 (11th Gen) và Bao da FOR KIDS (Bản KIDS, Không Quảng Cáo) - Hàng chính hãng",Điện thoại (Cũ),Tiki,3990000,3990000,0.0,16,5.0,https://tiki.vn/combo-may-doc-sach-all-new-kindle-paperwhite-5-11th-gen-va-bao-da-for-kids-ban-kids-khong-quang-cao-hang-nhap-khau-p271362153.html?spid=271362159,True
270794184,"Máy đọc sách Kobo Clara (Clara Colour, Clara BW, Clara 2e, Clara HD) - 6inch, 16gb - Hàng Chính Hãng",Điện thoại (Cũ),Tiki,5390000,5390000,0.0,9,5.0,https://tiki.vn/may-doc-sach-kobo-clara-hang-chinh-hang-p270794184.html?spid=275380047,True
249782771,Máy tính bảng Xelex Gama Tab X8 EDU (Hàng chính hãng),Điện thoại (Cũ),Tiki,2890000,2890000,0.0,0,0.0,https://tiki.vn/may-tinh-bang-xelex-gama-tab-x8-edu-p249782771.html?spid=249782772,True
193366048,Điện thoại OnePlus 10T 5G - Hàng Chính Hãng,Điện thoại (Cũ),Tiki,15990000,15990000,0.0,0,0.0,https://tiki.vn/dien-thoai-oneplus-10t-5g-hang-chinh-hang-p193366048.html?spid=193366050,True
172537996,"(Hàng chính hãng) Điện thoại bàn hữu tuyến H2P, hiệu Alcatel - Lucent",Điện thoại (Cũ),Tiki,2220000,2220000,0.0,0,0.0,https://tiki.vn/dien-thoai-ban-huu-tuyen-h2p-hieu-alcatel-lucent-p172537996.html?spid=172537997,True
139632023,Máy đọc sách Kobo Libra 2 - hàng nhập khẩu,Điện thoại (Cũ),Tiki,8290000,8290000,0.0,209,5.0,https://tiki.vn/may-doc-sach-kobo-libra-libra-colour-libra-2-hang-nhap-khau-p139632023.html?spid=275176272,True
94453667,Điện thoại VoIP Yealink SIP-T30,Điện thoại (Cũ),Tiki,1050000,1050000,0.0,0,0.0,https://tiki.vn/dien-thoai-voip-yealink-sip-t30-p94453667.html?spid=94453668,True
29440849,điện thoại  IP622C - hàng chính hãng,Điện thoại (Cũ),Tiki,1650000,1650000,0.0,0,0.0,https://tiki.vn/dien-thoai-ip622c-hang-chinh-hang-p29440849.html?spid=29440850,True
279576348,Điện thoại Xiaomi Redmi A7 (3GB/64GB) - Hàng chính hãng,Điện thoại (Cũ),Tiki,3890000,3890000,0.0,0,0.0,https://tiki.vn/dien-thoai-xiaomi-redmi-a7-3gb-64gb-hang-chinh-hang-p279576348.html?spid=279576352,True
279564458,Điện Thoại Xiaomi Redmi Note 15 Pro 5G 8GB/256GB - Hàng Chính Hãng,Điện thoại (Cũ),Tiki,8629000,10490000,0.18,0,0.0,https://tiki.vn/dien-thoai-xiaomi-redmi-note-15-pro-5g-8gb-256gb-hang-chinh-hang-p279564458.html?spid=279564460,True
279564330,Điện Thoại Realme Note 80 4GB/64GB - Hàng Chính Hãng,Điện thoại (Cũ),Tiki,3559000,3990000,0.11,0,0.0,https://tiki.vn/dien-thoai-realme-note-80-4gb-64gb-hang-chinh-hang-p279564330.html?spid=279564332,True
279551576,"Điện thoại Samsung Galaxy A27 5G (6GB + 128GB) | Màn hình 6.7"" FHD+ | Pin 5000mAh | Snapdragon 6 Gen 3 - Hàng chính hãng",Điện thoại (Cũ),Tiki,7490000,7990000,0.06,30,0.0,https://tiki.vn/dien-thoai-samsung-galaxy-a27-5g-6gb-128gb-man-hinh-6-7-fhd-pin-5000mah-snapdragon-6-gen-3-hang-chinh-hang-p279551576.html?spid=279551573,True
279528897,Điện Thoại Oppo Reno16 F 5G 8GB/256GB - Hàng Chính Hãng,Điện thoại (Cũ),Tiki,13679000,15990000,0.14,0,0.0,https://tiki.vn/dien-thoai-oppo-reno16-f-5g-8gb-256gb-hang-chinh-hang-p279528897.html?spid=279528903,True
279509688,Điện thoại Samsung Galaxy A27 5G (6GB/128GB) - Hàng chính hãng,Điện thoại (Cũ),Tiki,8509000,8509000,0.0,0,0.0,https://tiki.vn/dien-thoai-samsung-galaxy-a27-5g-6gb-128gb-hang-chinh-hang-p279509688.html?spid=279509690,True
279506734,Điện Thoại Realme C85 6GB/128GB - Hàng Chính Hãng,Điện thoại (Cũ),Tiki,4599000,5690000,0.19,0,0.0,https://tiki.vn/dien-thoai-realme-c85-6gb-128gb-hang-chinh-hang-p279506734.html?spid=279506740,True
279506444,Điện Thoại Realme C85 5G 8GB/256GB - Hàng Chính Hãng,Điện thoại (Cũ),Tiki,6299000,8490000,0.26,0,0.0,https://tiki.vn/dien-thoai-realme-c85-5g-8gb-256gb-hang-chinh-hang-p279506444.html?spid=279506446,True
279505643,Điện thoại Xiaomi 17T Pro 5G (12GB/512GB) - Hàng chính hãng,Điện thoại (Cũ),Tiki,24990000,24990000,0.0,0,0.0,https://tiki.vn/dien-thoai-xiaomi-17t-pro-5g-12gb-512gb-hang-chinh-hang-p279505643.html?spid=279505647,True
279505636,Máy Tính Bảng Xiaomi Redmi Pad 2 Wifi 4GB/64GB Bản 9.7 Inches - Hàng Chính Hãng,Điện thoại (Cũ),Tiki,4299000,4990000,0.14,0,0.0,https://tiki.vn/may-tinh-bang-xiaomi-redmi-pad-2-wifi-4gb-64gb-ban-9-7-inches-hang-chinh-hang-p279505636.html?spid=279505640,True
279505495,Máy Tính Bảng Xiaomi Redmi Pad 2 Wifi 4GB/128GB - Hàng Chính Hãng,Điện thoại (Cũ),Tiki,5199000,5290000,0.02,0,0.0,https://tiki.vn/may-tinh-bang-xiaomi-redmi-pad-2-wifi-4gb-128gb-hang-chinh-hang-p279505495.html?spid=279505497,True
279504673,"Máy tính bảng Xiaomi Redmi Pad 8 11.2"" Wifi (8GB/128GB) - Hàng chính hãng",Điện thoại (Cũ),Tiki,11990000,11990000,0.0,0,0.0,https://tiki.vn/may-tinh-bang-xiaomi-redmi-pad-8-11-2-wifi-8gb-128gb-hang-chinh-hang-p279504673.html?spid=279504677,True
279504232,Máy tính bảng Xiaomi Redmi Pad 2 9.7 Wifi (4GB/64GB) - Hàng chính hãng,Điện thoại (Cũ),Tiki,4990000,4990000,0.0,0,0.0,https://tiki.vn/may-tinh-bang-xiaomi-redmi-pad-2-9-7-wifi-4gb-64gb-hang-chinh-hang-p279504232.html?spid=279504234,True
279503826,Điện thoại Xiaomi 17T 5G (12GB/512GB) -  Hàng chính hãng,Điện thoại (Cũ),Tiki,20990000,20990000,0.0,0,0.0,https://tiki.vn/dien-thoai-xiaomi-17t-5g-12gb-512gb-hang-chinh-hang-p279503826.html?spid=279503828,True
279503231,Điện Thoại Xiaomi Redmi Note 15 8GB/128GB - Hàng Chính Hãng,Điện thoại (Cũ),Tiki,5949000,6490000,0.08,0,0.0,https://tiki.vn/dien-thoai-xiaomi-redmi-note-15-8gb-128gb-hang-chinh-hang-p279503231.html?spid=279503233,True
279418664,Điện Thoại Xiaomi 17T 5G 12GB/512GB - Hàng Chính Hãng,Điện thoại (Cũ),Tiki,14839000,20990000,0.29,0,0.0,https://tiki.vn/dien-thoai-xiaomi-17t-5g-12gb-512gb-hang-chinh-hang-p279418664.html?spid=279418666,True
279418637,Điện Thoại Xiaomi 17T Pro 5G 12GB/512GB - Hàng Chính Hãng,Điện thoại (Cũ),Tiki,18339000,24990000,0.27,0,0.0,https://tiki.vn/dien-thoai-xiaomi-17t-pro-5g-12gb-512gb-hang-chinh-hang-p279418637.html?spid=279418641,True
279418506,Điện Thoại Samsung Galaxy A17 5G 4GB/128GB - Hàng Chính Hãng,Điện thoại (Cũ),Tiki,4989000,5990000,0.17,0,0.0,https://tiki.vn/dien-thoai-samsung-galaxy-a17-5g-4gb-128gb-hang-chinh-hang-p279418506.html?spid=279418512,True
279395979,Điện thoại realme Note 80 4GB/64GB - Hàng Chính Hãng,Điện thoại (Cũ),Tiki,3450000,3850000,0.1,0,0.0,https://tiki.vn/dien-thoai-realme-note-80-4gb-64gb-hang-chinh-hang-p279395979.html?spid=279395981,True
279319829,Điện thoại Xiaomi Redmi 15 5G (8GB/256GB) - Hàng chính hãng,Điện thoại (Cũ),Tiki,6690000,6690000,0.0,0,0.0,https://tiki.vn/dien-thoai-xiaomi-redmi-15-5g-8gb-256gb-hang-chinh-hang-p279319829.html?spid=279319834,True
279307767,Điện Thoại Realme C85 8GB/128GB - Hàng Chính Hãng,Điện thoại (Cũ),Tiki,4899000,6290000,0.22,2,3.0,https://tiki.vn/dien-thoai-realme-c85-8gb-128gb-hang-chinh-hang-p279307767.html?spid=279307769,True
279075947,Điện Thoại Oppo A6t 4GB/64GB - Hàng Chính Hãng,Điện thoại (Cũ),Tiki,4489000,4590000,0.02,0,0.0,https://tiki.vn/dien-thoai-oppo-a6t-4gb-64gb-hang-chinh-hang-p279075947.html?spid=279075951,True
279074841,Điện Thoại Xiaomi POCO C85 6GB/128GB - Hàng Chính Hãng,Điện thoại (Cũ),Tiki,4299000,4690000,0.08,3,0.0,https://tiki.vn/dien-thoai-xiaomi-poco-c85-6gb-128gb-hang-chinh-hang-p279074841.html?spid=279074847,True
279073856,Điện thoại Xiaomi Redmi Note 15 (6GB/128GB) - Hàng chính hãng,Điện thoại (Cũ),Tiki,5990000,5990000,0.0,0,0.0,https://tiki.vn/dien-thoai-xiaomi-redmi-note-15-6gb-128gb-hang-chinh-hang-p279073856.html?spid=279073860,True
278974811,Điện Thoại Samsung Galaxy A16 5G (4GB/128GB) -  Đã Kích Hoạt Bảo Hành Điện Tử -  Hàng Chính Hãng,Điện thoại (Cũ),Tiki,4990000,4990000,0.0,18,4.3,https://tiki.vn/dien-thoai-samsung-galaxy-a16-5g-4gb-128gb-da-kich-hoat-bao-hanh-dien-tu-hang-chinh-hang-p278974811.html?spid=278974813,True
278592403,Điện thoại Samsung Galaxy A07 LTE (4GB/64GB) - Hàng chính hãng,Điện thoại (Cũ),Tiki,3890000,3890000,0.0,0,0.0,https://tiki.vn/dien-thoai-samsung-galaxy-a07-lte-4gb-64gb-hang-chinh-hang-p278592403.html?spid=278592405,True
217548686,"Máy đọc sách Kindle Scribe – thế hệ đầu tiên có thể đọc và viết, màn hình 10,2” 300PPI, đèn vàng warmlight, bộ nhớ 16-64GB, đồng bộ dữ liệu qua Microsoft Word - hàng nhập khẩu",Điện thoại (Cũ),Tiki,9800000,9800000,0.0,4,4.0,https://tiki.vn/may-doc-sach-kindle-scribe-the-he-dau-tien-co-the-doc-va-viet-man-hinh-10-2-300ppi-den-vang-warmlight-bo-nho-16-64gb-dong-bo-du-lieu-qua-microsoft-word-hang-nhap-khau-p217548686.html?spid=217548688,True
198868735,Điện thoại IP Grandstream GRP 2601 hàng chính hãng,Điện thoại (Cũ),Tiki,880000,880000,0.0,0,0.0,https://tiki.vn/dien-thoai-ip-grandstream-grp-2601-hang-chinh-hang-p198868735.html?spid=262386115,True
117347869,ĐIỆN THOẠI HỘI NGHỊ YEALINK CP960 -HÀNG CHÍNH HÃNG,Điện thoại (Cũ),Tiki,15230000,15230000,0.0,0,0.0,https://tiki.vn/dien-thoai-hoi-nghi-yealink-cp960-p117347869.html?spid=125595231,True
102620086,Điện thoại VoIP Yealink SIP-T30 - Hàng Chính Hãng,Điện thoại (Cũ),Tiki,1200000,1200000,0.0,0,0.0,https://tiki.vn/dien-thoai-voip-yealink-sip-t30-hang-chinh-hang-p102620086.html?spid=102620089,True
53380152,Điện Thoại IP Phone Fanvil X1S - Hàng Chính Hãng,Điện thoại (Cũ),Tiki,950000,950000,0.0,0,0.0,https://tiki.vn/dien-thoai-ip-phone-fanvil-x1s-hang-chinh-hang-p53380152.html?spid=68169992,True
127197643,"Bộ Quần Áo Nam Lính Mỹ US ARMY  Kiểu Dáng Túi Hộp, Chất Liệu Kaki Cao Cấp Phong Cách Lính Cực Ngầu (Tặng dây lưng) - HÀNG CHÍNH HÃNG",Điện thoại (Cũ),Tiki,899000,1798000,0.5,14,4.5,https://tiki.vn/bo-quan-ao-nam-linh-my-us-army-kieu-dang-tui-hop-chat-lieu-kaki-cao-cap-phong-cach-linh-cuc-ngau-tang-day-lung-hang-chinh-hang-p127197643.html?spid=182094563,True
279287522,"Bộ áo điều hòa KITO NEWPRO KT10 thế hệ mới nhất 2026 quạt 24V siêu bên ,chống chai ,chống phồng",Điện thoại (Cũ),Tiki,1070000,1070000,0.0,9,0.0,https://tiki.vn/bo-ao-dieu-hoa-kito-newpro-kt10-the-he-moi-nhat-2026-quat-24v-sieu-ben-chong-chai-chong-phong-p279287522.html?spid=279287524,True
197058539,Áo khoác măng tô nam cổ đức phong cách trẻ trung công sở NMT31,Điện thoại (Cũ),Tiki,936000,936000,0.0,11,5.0,https://tiki.vn/ao-khoac-mang-to-nam-co-duc-phong-cach-tre-trung-cong-so-nmt31-p197058539.html?spid=273419938,True
116557922,Bộ đôi Kem chống nắng dạng sữa dưỡng da kiềm dầu bảo vệ hoàn hảo + Kem chống nắng dạng gel dưỡng ẩm bảo vệ hoàn hảo (Anessa Gold Milk 60ml + Gold Gel 90g),Điện thoại (Cũ),Tiki,904000,1200000,0.25,2132,4.7,https://tiki.vn/bo-doi-kem-chong-nang-dang-sua-duong-da-kiem-dau-bao-ve-hoan-hao-kem-chong-nang-dang-gel-duong-am-bao-ve-hoan-hao-anessa-gold-milk-60ml-gold-gel-90g-p116557922.html?spid=272278923,True
273598230,Máy Tăm Nước Không Dây LocknLock Cordless Oral Irrigator,Điện thoại (Cũ),Tiki,779500,1495000,0.48,11242,4.7,https://tiki.vn/may-tam-nuoc-khong-day-locknlock-cordless-oral-irrigator-p273598230.html?spid=82721612,True
262899667,"Glucosamine 1500mg MSM 1500mg Kirkland Signature  - Phục hồi sụn khớp, Giảm đau nhức xương khớp và Hỗ trợ sự vận động linh hoạt hiệu quả - QuaTangMe Extaste",Điện thoại (Cũ),Tiki,999000,999000,0.0,2036,4.8,https://tiki.vn/thuc-pham-bao-ve-suc-khoe-kirkland-signature-glucosamine-with-msm-p262899667.html?spid=8338053,True
53583472,"Bộ Hộp Cơm Giữ Nhiệt Lock&amp;Lock Easy Carry 2.0L LHC8039BLU Có Túi (1 Hộp 720ml, 2 Hộp 420ml Kèm 1 Bộ Muỗng Và Nĩa) - Màu Xanh",Điện thoại (Cũ),Tiki,1226120,2114000,0.42,12255,4.7,https://tiki.vn/bo-hop-com-giu-nhiet-lock-lock-easy-carry-2l-lhc8039-co-tui-1-hop-720ml-2-hop-420ml-kem-1-bo-muong-va-nia-p53583472.html?spid=53583476,True
273158786,[Kèm Ảnh Thực Tế - Miễn phí vận chuyển & Lắp đặt] Tủ giày thông minh siêu mỏng cao cấp Ohaha - TGCC025,Điện thoại (Cũ),Tiki,1290000,1290000,0.0,7,5.0,https://tiki.vn/tu-giay-thong-minh-sieu-mong-cao-cap-ohaha-tgcc025-p273158786.html?spid=273158804,True
277742262,Hộp cơm giữ nhiệt inox 304 Elmich EL8302 dung tích 1.7L - Hàng chính hãng,Điện thoại (Cũ),Tiki,780000,998000,0.22,31,5.0,https://tiki.vn/hop-com-giu-nhiet-inox-304-elmich-el8302-dung-tich-1-7l-hang-chinh-hang-p277742262.html?spid=277742264,True
202805930,Bộ Hộp Cơm Giữ Nhiệt Hút Chân Không Lock&Lock NVY-4 - LHC8052S01,Điện thoại (Cũ),Tiki,1103740,1903000,0.42,1039,4.8,https://tiki.vn/bo-hop-com-giu-nhiet-hut-chan-khong-lock-lock-nvy-4-lhc8052s01-p202805930.html?spid=202805931,True
93094433,Nệm cao su non Thắng Lợi 20cm,Điện thoại (Cũ),Tiki,2775000,2775000,0.0,8,5.0,https://tiki.vn/nem-cao-su-non-thang-loi-20cm-p93094433.html?spid=93094456,True
73639044,"Bộ nồi inox 3 lớp đáy liền Elmich 2103OL size 18,20,26cm",Điện thoại (Cũ),Tiki,2090000,2766000,0.24,54,4.6,https://tiki.vn/bo-noi-inox-3-lop-day-lien-elmich-2103ol-size-18-20-26cm-p73639044.html?spid=82190115,True
647768,Ổ Khóa Chống Cắt Titalium ABUS 96CSTI/60 (60mm),Điện thoại (Cũ),Tiki,747000,795000,0.06,462,4.8,https://tiki.vn/o-khoa-chong-cat-titalium-abus-96csti-60-60mm-p647768.html?spid=10884333,True
