ma_san_pham,ten_san_pham,gia,danh_gia,luot_ban,url,nen_tang,nganh_hang,gia_goc,ty_le_giam,shop,da_kiem_tra_gia_ao
279325148,Bút bi Claro ARROW 0.5mm Mực Xanh (Giao Màu Ngẫu Nhiên),3750.0,0.0,499,https://tiki.vn/but-bi-claro-arrow-0-5mm-muc-xanh-p279325148.html?spid=279325149,Tiki,Ngành 67335,3750.0,0.0,Tiki,False
279218500,Ship of Theseus - NXB Trẻ,46000.0,5.0,301,https://tiki.vn/ship-of-theseus-01-nxb-tre-p279218500.html?spid=279533768,Tiki,Truyện tranh/Manga,46000.0,0.0,Tiki,False
279157961,Sách Hikaru - Kì Thủ Cờ Vây - Ultimate Edition ( Chọn Tập),72200.0,5.0,367,https://tiki.vn/hikaru-ki-thu-co-vay-ultimate-edition-tap-1-p279157961.html?spid=279277884,Tiki,Truyện tranh/Manga,72200.0,0.0,Tiki,False
279112904,Thám Tử Lừng Danh Conan - Tập 107,23750.0,5.0,267,https://tiki.vn/tham-tu-lung-danh-conan-tap-107-p279112904.html?spid=279112916,Tiki,Truyện tranh/Manga,23750.0,0.0,Tiki,False
278997061,Sách Tô Màu Phát Triển Trí Não Bộ Cho Bé 1-5 Tuổi - [Từ Tập 11 - Tập 20] - Chọn Tập Lẻ,10971.0,5.0,199,https://tiki.vn/sach-to-mau-phat-trien-tri-nao-bo-cho-be-1-5-tuoi-tu-tap-11-tap-20-chon-tap-le-p278997061.html?spid=278997091,Tiki,Ngành 856,10971.0,0.0,Tiki,False
278968251,Hàng Xóm Của Tôi TOTORO (Truyện tranh màu) - [Chọn Tập Lẻ,71250.0,5.0,171,https://tiki.vn/hang-xom-cua-toi-totoro-truyen-tranh-mau-chon-tap-le-p278968251.html?spid=279180521,Tiki,Truyện tranh/Manga,71250.0,0.0,Tiki,False
278967562,Monster - Deluxe Edition –  [Chọn Tập Lẻ,118750.0,5.0,496,https://tiki.vn/monster-deluxe-edition-chon-tap-le-p278967562.html?spid=279445409,Tiki,Truyện tranh/Manga,118750.0,0.0,Tiki,False
278879928,Sách Nếu Như Không Thể Nói Nếu Như & Có Ai Giữ Giùm Những Lãng Quên & Thức Dậy Anh Vẫn Là Mơ - Tái Bản 2025,79350.0,5.0,315,https://tiki.vn/sach-neu-nhu-khong-the-noi-neu-nhu-co-ai-giu-gium-nhung-lang-quen-thuc-day-anh-van-la-mo-tai-ban-2025-p278879928.html?spid=278879978,Tiki,Ngành 68000,79350.0,0.0,Tiki,False
278856619,Sách Cô Bé Hàng Xóm Và Bốn Viên Kẹo (Nguyễn Nhật Ánh) - 2 phiên bản & quà tặng kèm,86000.0,5.0,883,https://tiki.vn/sach-co-be-hang-xom-va-bon-vien-keo-p278856619.html?spid=278856627,Tiki,Ngành 67996,86000.0,0.0,Tiki,False
278790552,Bộ Truyện One Piece [Chọn Tập Lẻ,22800.0,5.0,346,https://tiki.vn/bo-truyen-one-piece-chon-tap-le-p278790552.html?spid=278790687,Tiki,Truyện tranh/Manga,22800.0,0.0,Tiki,False
278785576,Sách Dragon Ball - 7 Viên Ngọc Rồng [Chọn Tập Lẻ] - Tập 1,28500.0,4.8,404,https://tiki.vn/sach-dragon-ball-7-vien-ngoc-rong-chon-tap-le-p278785576.html?spid=92281,Tiki,Truyện tranh/Manga,28500.0,0.0,Tiki,False
278777861,Bộ Sách Quiz! Khoa Học Kì Thú [Chọn Tập Lẻ,55200.0,5.0,987,https://tiki.vn/bo-sach-quiz-khoa-hoc-ki-thu-p278777861.html?spid=278826444,Tiki,Ngành 853,55200.0,0.0,Tiki,False
278777851,Sách Ma Đạo Tổ Sư - Tái Bản,132300.0,5.0,168,https://tiki.vn/sach-ma-dao-to-su-tai-ban-2025-p278777851.html?spid=278777816,Tiki,Sách thiếu nhi,132300.0,0.0,Tiki,False
278715265,Sách Hà Thanh Hải Yến - Ngang Qua Ngõ Nhỏ Bình An,143700.0,5.0,73,https://tiki.vn/sach-ha-thanh-hai-yen-ngang-qua-ngo-nho-binh-an-p278715265.html?spid=278715267,Tiki,Ngành 67996,143700.0,0.0,Tiki,False
278710197,Rắc Rối Đáng Yêu - Love☆Com,45000.0,5.0,235,https://tiki.vn/rac-roi-dang-yeu-love-com-p278710197.html?spid=279394160,Tiki,Truyện tranh/Manga,45000.0,0.0,Tiki,False
278706881,Itto - Sóng Gió Cầu Trường - [Tái Bản 2025,23750.0,5.0,207,https://tiki.vn/itto-song-gio-cau-truong-tai-ban-2025-p278706881.html?spid=278706948,Tiki,Truyện tranh/Manga,23750.0,0.0,Tiki,False
278523761,Siêu Quậy Teppei Tập 1 – Tập 31,22500.0,5.0,306,https://tiki.vn/sieu-quay-teppei-tap-1-tap-31-p278523761.html?spid=278523776,Tiki,Truyện tranh/Manga,22500.0,0.0,Tiki,False
278496130,Thanh Gươm Diệt Quỷ,28500.0,5.0,4525,https://tiki.vn/thanh-guom-diet-quy-tap-1-tan-khoc-p278496130.html?spid=48035298,Tiki,Truyện tranh/Manga,28500.0,0.0,Tiki,False
278463126,Komi - Nữ Thần Sợ Giao Tiếp ( Chọn Tập Lẻ),27000.0,4.8,975,https://tiki.vn/komi-nu-than-so-giao-tiep-chon-tap-le-p278463126.html?spid=144779881,Tiki,Truyện tranh/Manga,27000.0,0.0,Tiki,False
278275166,Hoa Thơm Kiêu Hãnh (Chọn tập lẻ),49900.0,5.0,727,https://tiki.vn/hoa-thom-kieu-hanh-p278275166.html?spid=279296167,Tiki,Truyện tranh/Manga,49900.0,0.0,Tiki,False
277962612,Sách Thiên Quan Tứ Phúc,107600.0,4.8,490,https://tiki.vn/sach-thien-quan-tu-phuc-p277962612.html?spid=277962709,Tiki,Sách thiếu nhi,107600.0,0.0,Tiki,False
277591013,Bộ Truyện - Itto - Cơn lốc sân cỏ,166250.0,5.0,205,https://tiki.vn/bo-truyen-itto-con-loc-san-co-p277591013.html?spid=277591041,Tiki,Truyện tranh/Manga,166250.0,0.0,Tiki,False
277228103,Sách Husky Và Sư Tôn Mèo Trắng Của Hắn,109900.0,5.0,248,https://tiki.vn/sach-husky-va-su-ton-meo-trang-cua-han-p277228103.html?spid=278093887,Tiki,Sách thiếu nhi,109900.0,0.0,Tiki,False
276933744,Combo Giáo Trình Chuẩn HSK 1 - Sách Bài Học và Bài tập (Bộ 2 cuốn),296000.0,4.7,859,https://tiki.vn/combo-giao-trinh-chuan-hsk-1-sach-bai-hoc-va-bai-tap-bo-2-cuon-p276933744.html?spid=276949257,Tiki,Ngành 67867,296000.0,0.0,Tiki,False
276659602,Series các tập Claymore,35000.0,5.0,864,https://tiki.vn/claymore-01-sat-thu-mat-bac-p276659602.html?spid=277815806,Tiki,Truyện tranh/Manga,35000.0,0.0,Tiki,False
276657645,Sách Hệ Thống Tự Cứu Của Nhân Vật Phản Diện (Tái bản),109800.0,4.6,163,https://tiki.vn/sach-he-thong-tu-cuu-cua-nhan-vat-phan-dien-tai-ban-p276657645.html?spid=276657705,Tiki,Sách thiếu nhi,109800.0,0.0,Tiki,False
274363543,Sách Con Đường Chẳng Mấy Ai Đi,115000.0,5.0,6348,https://tiki.vn/sach-con-duong-chang-may-ai-di-p274363543.html?spid=274363544,Tiki,Tô màu - Luyện chữ,115000.0,0.0,Tiki,False
273819808,Sách Tâm Lý Học Về Tiền,150600.0,4.8,28880,https://tiki.vn/sach-tam-ly-hoc-ve-tien-p273819808.html?spid=75953558,Tiki,Ngành 67915,150600.0,0.0,Tiki,False
272188850,Soul Eater,86000.0,5.0,308,https://tiki.vn/soul-eater-p272188850.html?spid=274972079,Tiki,Truyện tranh/Manga,86000.0,0.0,Tiki,False
262664014,Combo Doraemon Truyện Ngắn,222300.0,5.0,476,https://tiki.vn/combo-doraemon-truyen-ngan-p262664014.html?spid=262664018,Tiki,Truyện tranh/Manga,222300.0,0.0,Tiki,False
249876840,"Sách Beartown - Thị trấn nhỏ, giấc mơ lớn",172000.0,5.0,2276,https://tiki.vn/sach-beartown-thi-tran-nho-giac-mo-lon-p249876840.html?spid=249876841,Tiki,Ngành 6750,172000.0,0.0,Tiki,False
202879294,Sách Người Đàn Ông Mang Tên Ove (Tái Bản 2022),128000.0,5.0,6733,https://tiki.vn/sach-nguoi-dan-ong-mang-ten-ove-tai-ban-2022-p202879294.html?spid=202879295,Tiki,Ngành 67999,128000.0,0.0,Tiki,False
190335975,Combo 2 cuốn Truyện Dành Cho Thiếu Nhi : Tuổi Thơ Dữ Dội - Tập 1 + 2 (Tái Bản),120000.0,5.0,1818,https://tiki.vn/combo-2-cuon-truyen-danh-cho-thieu-nhi-tuoi-tho-du-doi-tap-1-2-tai-ban-p190335975.html?spid=273817532,Tiki,Ngành 1754,120000.0,0.0,Tiki,False
165030729,Sách Những Kẻ Âu Lo,149000.0,5.0,2304,https://tiki.vn/sach-nhung-ke-au-lo-p165030729.html?spid=165030730,Tiki,Ngành 6750,149000.0,0.0,Tiki,False
115078652,Sách Huấn Luyện Cảm Xúc Để Con Trẻ Phát Triển Toàn Diện,142560.0,5.0,1186,https://tiki.vn/sach-huan-luyen-cam-xuc-de-con-tre-phat-trien-toan-dien-p115078652.html?spid=115078654,Tiki,Tô màu - Luyện chữ,142560.0,0.0,Tiki,False
91947689,Sách 7 Thói Quen Hiệu Quả (The 7 Habits Of Highly Effective People) - Stephen R. Covey - PACE Books,169200.0,5.0,9903,https://tiki.vn/sach-7-thoi-quen-hieu-qua-the-7-habits-of-highly-effective-people-stephen-r-covey-pace-books-p91947689.html?spid=91947690,Tiki,Tô màu - Luyện chữ,169200.0,0.0,Tiki,False
13920941,Combo Doraemon - Truyện Dài (Trọn Bộ 24 Cuốn) - Tái Bản,529200.0,5.0,4942,https://tiki.vn/combo-doraemon-truyen-dai-tron-bo-24-cuon-tai-ban-p13920941.html?spid=13920942,Tiki,Truyện tranh/Manga,529200.0,0.0,Tiki,False
2987219,Sách Giáo Trình Chuẩn YCT 1 (Kèm file MP3),115000.0,4.8,2996,https://tiki.vn/sach-giao-trinh-chuan-yct-1-kem-file-mp3-p2987219.html?spid=2987563,Tiki,Ngành 67869,115000.0,0.0,Tiki,False
1080002,Sách Boxset Harry Potter - Tiếng Việt (Trọn Bộ 7 Tập),1473000.0,4.7,10882,https://tiki.vn/sach-boxset-harry-potter-tieng-viet-tron-bo-7-tap-p1080002.html?spid=1080024,Tiki,Ngành 840,1473000.0,0.0,Tiki,False
540039,Sách Giáo Trình Chuẩn HSK 1 - Bài Học (Kèm file MP3),165000.0,4.8,8593,https://tiki.vn/sach-giao-trinh-chuan-hsk-1-bai-hoc-kem-file-mp3-p540039.html?spid=262528,Tiki,Ngành 67867,165000.0,0.0,Tiki,False
279394165,Thám tử thừa kế,50000.0,0.0,96,https://tiki.vn/tham-tu-thua-ke-p279394165.html?spid=279493247,Tiki,Truyện tranh/Manga,50000.0,0.0,Tiki,False
279374424,Sách Chú Thuật Hồi Chiến - Tập 27,28500.0,5.0,38,https://tiki.vn/chu-thuat-hoi-chien-tap-27-p279374424.html?spid=279375119,Tiki,Truyện tranh/Manga,28500.0,0.0,Tiki,False
279313607,Bộ Sách Tô Màu 6 Cuốn Họa Sĩ Nhí Vẽ Thế Giới,15000.0,0.0,0,https://tiki.vn/bo-sach-to-mau-6-cuon-hoa-si-nhi-ve-the-gioi-p279313607.html?spid=279313712,Tiki,Ngành 853,15000.0,0.0,Tiki,False
279292568,Song Mệnh Cõi Hoàng Tuyền,31500.0,4.8,133,https://tiki.vn/song-menh-coi-hoang-tuyen-p279292568.html?spid=279580424,Tiki,Truyện tranh/Manga,31500.0,0.0,Tiki,False
279236031,"Điệu múa chim công, có ai thấy không",52000.0,5.0,120,https://tiki.vn/dieu-mua-chim-cong-co-ai-thay-khong-p279236031.html?spid=279236035,Tiki,Truyện tranh/Manga,52000.0,0.0,Tiki,False
279235202,Sách Khúc Hát Đêm Thâu [Chọn Tập,31500.0,4.2,251,https://tiki.vn/sach-khuc-hat-dem-thau-chon-tap-p279235202.html?spid=279558959,Tiki,Truyện tranh/Manga,31500.0,0.0,Tiki,False
278788044,Sách BEASTARS [Chọn Tập Lẻ,28350.0,5.0,279,https://tiki.vn/sach-beastars-chon-tap-le-p278788044.html?spid=279347339,Tiki,Truyện tranh/Manga,28350.0,0.0,Tiki,False
278756674,Sách Nisekoi - Cặp Đôi Giả Tạo,36000.0,5.0,258,https://tiki.vn/sach-nisekoi-cap-doi-gia-tao-p278756674.html?spid=279558986,Tiki,Truyện tranh/Manga,36000.0,0.0,Tiki,False
278749523,Ngũ Hành Của Tôi Thiếu Em,131200.0,5.0,243,https://tiki.vn/ngu-hanh-cua-toi-thieu-em-p278749523.html?spid=278749686,Tiki,Sách thiếu nhi,131200.0,0.0,Tiki,False
278729052,Doraemon Movie Story Màu - Phiên Bản Mới: Nobita Và Binh Đoàn Người Sắt - Đôi Cánh Thiên Thần,34300.0,5.0,44,https://tiki.vn/doraemon-movie-story-mau-phien-ban-moi-nobita-va-binh-doan-nguoi-sat-doi-canh-thien-than-p278729052.html?spid=278729053,Tiki,Truyện tranh/Manga,34300.0,0.0,Tiki,False
278684154,Nữ Binh Thần Tốc,41800.0,5.0,242,https://tiki.vn/nu-binh-than-toc-p278684154.html?spid=278863077,Tiki,Truyện tranh/Manga,41800.0,0.0,Tiki,False
278423155,"Sách Hồi Ức, Giấc Mơ, Suy Ngẫm - Hành Trình Vào Nội Tâm Của Carl Jung – Nơi Ký Ức, Giấc Mơ Và Triết Lý Giao Thoa",234600.0,5.0,1606,https://tiki.vn/sach-hoi-uc-giac-mo-suy-ngam-hanh-trinh-vao-noi-tam-cua-carl-jung-noi-ky-uc-giac-mo-va-triet-ly-giao-thoa-p278423155.html?spid=278423156,Tiki,Ngành 843,234600.0,0.0,Tiki,False
278123405,Sobotei Dinh Thự Ma Ám (Chọn tập lẻ),42000.0,5.0,597,https://tiki.vn/sobotei-dinh-thu-ma-am-p278123405.html?spid=279577166,Tiki,Truyện tranh/Manga,42000.0,0.0,Tiki,False
277397107,Sách Phía Đông Vườn Địa Đàng,279000.0,4.5,642,https://tiki.vn/sach-phia-dong-vuon-dia-dang-p277397107.html?spid=277397109,Tiki,Ngành 9725,279000.0,0.0,Tiki,False
276948798,"Sách Lên Đỉnh Núi Mở Tiệm Bánh Mì - Triết lí Wazawaza: Những con người hạnh phúc, 2 loại bánh mì, và doanh thu thường niên 300 triệu Yên",108000.0,4.8,2814,https://tiki.vn/sach-len-dinh-nui-mo-tiem-banh-mi-triet-li-wazawaza-nhung-con-nguoi-hanh-phuc-2-loai-banh-mi-va-doanh-thu-thuong-nien-300-trieu-yen-p276948798.html?spid=276948799,Tiki,Ngành 847,108000.0,0.0,Tiki,False
276933755,Combo Giáo Trình Chuẩn HSK 4 Tập 1 - Sách Bài Học và Bài tập (Bộ 2 cuốn),311000.0,5.0,865,https://tiki.vn/combo-giao-trinh-chuan-hsk-4-tap-1-sach-bai-hoc-va-bai-tap-bo-2-cuon-p276933755.html?spid=276949260,Tiki,Ngành 67867,311000.0,0.0,Tiki,False
276933752,Combo Giáo Trình Chuẩn HSK 3 - Sách Bài Học và Bài tập (Bộ 2 cuốn),395000.0,5.0,862,https://tiki.vn/combo-giao-trinh-chuan-hsk-3-sach-bai-hoc-va-bai-tap-bo-2-cuon-p276933752.html?spid=276949259,Tiki,Ngành 67867,395000.0,0.0,Tiki,False
276883579,Sống Sáng - Phan Việt - Sáng Books,200000.0,5.0,1246,https://tiki.vn/song-sang-dong-sach-sang-phan-viet-sang-books-p276883579.html?spid=276886802,Tiki,Tô màu - Luyện chữ,200000.0,0.0,Tiki,False
276425570,Thám Tử Lừng Danh Conan (Bản Nâng Cấp) - [Chọn Tập Lẻ,32300.0,5.0,312,https://tiki.vn/tham-tu-lung-danh-conan-ban-nang-cap-p276425570.html?spid=276428296,Tiki,Truyện tranh/Manga,32300.0,0.0,Tiki,False
276078455,Series các tập Gachiakuta,39800.0,5.0,385,https://tiki.vn/series-cac-tap-gachiakuta-p276078455.html?spid=276585109,Tiki,Truyện tranh/Manga,39800.0,0.0,Tiki,False
276019606,Sách Không Gia Đình (Tái Bản),120000.0,5.0,502,https://tiki.vn/sach-khong-gia-dinh-tai-ban-p276019606.html?spid=278938671,Tiki,Ngành 67994,120000.0,0.0,Tiki,False
273746688,Sách Địa Cầu Online,129400.0,4.8,91,https://tiki.vn/sach-dia-cau-online-p273746688.html?spid=273204606,Tiki,Sách thiếu nhi,129400.0,0.0,Tiki,False
273691914,Sách Trăm năm cô đơn,176250.0,4.7,519,https://tiki.vn/sach-tram-nam-co-don-p273691914.html?spid=273691915,Tiki,Ngành 844,176250.0,0.0,Tiki,False
272447731,Sách Xông vào lối âm dương,111600.0,5.0,281,https://tiki.vn/sach-xong-vao-loi-am-duong-p272447731.html?spid=275705489,Tiki,Sách thiếu nhi,111600.0,0.0,Tiki,False
263035841,Sách Vòng Quanh Thế Giới,9440.0,4.8,694,https://tiki.vn/sach-vong-quanh-the-gioi-p263035841.html?spid=277926130,Tiki,Ngành 853,9440.0,0.0,Tiki,False
194960730,Sách Nỗi buồn chiến tranh,99000.0,5.0,4725,https://tiki.vn/sach-noi-buon-chien-tranh-p194960730.html?spid=194960731,Tiki,Ngành 67995,99000.0,0.0,Tiki,False
192909292,Sách Án Mạng Trên Chuyến Tàu Tốc Hành Phương Đông,98000.0,5.0,978,https://tiki.vn/sach-an-mang-tren-chuyen-tau-toc-hanh-phuong-dong-p192909292.html?spid=192909295,Tiki,Ngành 664,98000.0,0.0,Tiki,False
176831144,Combo 23 Tập Thanh Gươm Diệt Quỷ (Tập 1-23),662400.0,5.0,341,https://tiki.vn/combo-23-tap-thanh-guom-diet-quy-tap-1-23-p176831144.html?spid=176831145,Tiki,Truyện tranh/Manga,662400.0,0.0,Tiki,False
170708233,Sách Thay Đổi Tí Hon - Hiệu Quả Bất Ngờ Atomic Habits (Tái Bản Lần 4),142000.0,4.8,12328,https://tiki.vn/sach-thay-doi-ti-hon-hieu-qua-bat-ngo-atomic-habits-tai-ban-lan-4-p170708233.html?spid=170708234,Tiki,Tô màu - Luyện chữ,142000.0,0.0,Tiki,False
140416370,Sách Flow - Dòng Chảy,175560.0,5.0,9387,https://tiki.vn/sach-flow-dong-chay-p140416370.html?spid=140416372,Tiki,Ngành 872,175560.0,0.0,Tiki,False
109017985,"Sách Thiên Tài Bên Trái, Kẻ Điên Bên Phải (Tái Bản)",128880.0,4.8,27264,https://tiki.vn/sach-thien-tai-ben-trai-ke-dien-ben-phai-tai-ban-p109017985.html?spid=109017987,Tiki,Ngành 67999,128880.0,0.0,Tiki,False
95289208,Sách Người Bà Tài Giỏi Vùng Saga,96000.0,5.0,5569,https://tiki.vn/sach-nguoi-ba-tai-gioi-vung-saga-p95289208.html?spid=95289212,Tiki,Ngành 67999,96000.0,0.0,Tiki,False
76013378,Sách Storytelling With Data - Kể Chuyện Thông Qua Dữ Liệu (Cuốn Cẩm Nang Hướng Dẫn Trực Quan Hóa Dữ Liệu),219300.0,5.0,12890,https://tiki.vn/sach-storytelling-with-data-ke-chuyen-thong-qua-du-lieu-cuon-cam-nang-huong-dan-truc-quan-hoa-du-lieu-p76013378.html?spid=76013379,Tiki,Ngành 385,219300.0,0.0,Tiki,False
59511811,Sách Dấu Chân Trên Cát - Nguyên Phong (Tái Bản 2020),111000.0,4.8,5512,https://tiki.vn/sach-dau-chan-tren-cat-nguyen-phong-tai-ban-2020-p59511811.html?spid=59511812,Tiki,Ngành 67980,111000.0,0.0,Tiki,False
56609155,Sách Trường Ca Achilles (Quà Tặng Kèm: 01 Bookmark + 01 Phụ Lục),124800.0,5.0,4225,https://tiki.vn/sach-truong-ca-achilles-qua-tang-kem-01-bookmark-01-phu-luc-p56609155.html?spid=56609156,Tiki,Ngành 67997,124800.0,0.0,Tiki,False
52789367,Sách Nhà Giả Kim (Tái Bản),78000.0,5.0,40464,https://tiki.vn/sach-nha-gia-kim-tai-ban-2020-p52789367.html?spid=52789368,Tiki,Ngành 67994,78000.0,0.0,Tiki,False
17493916,Sách Luyện Nói Tiếng Trung Quốc Cấp Tốc Cho Người Bắt Đầu - Tập 1 (Kèm file MP3) (Tái Bản),140000.0,5.0,1030,https://tiki.vn/sach-luyen-noi-tieng-trung-quoc-cap-toc-cho-nguoi-bat-dau-tap-1-kem-file-mp3-tai-ban-p17493916.html?spid=17493917,Tiki,Ngành 67871,140000.0,0.0,Tiki,False
7953305,"Combo Tổng Hợp Chuyên Đề Trọng Tâm Thi Vào 10 Chuyên
Và Học Sinh Giỏi Toán 9",234000.0,4.8,2078,https://tiki.vn/combo-tong-hop-chuyen-de-trong-tam-thi-vao-10-chuyen-va-hoc-sinh-gioi-toan-9-p7953305.html?spid=7953306,Tiki,Ngành 2250,234000.0,0.0,Tiki,False
7833728,Sách Dạy Con Làm Giàu (Tập 1) - Để Không Có Tiền Vẫn Tạo Ra Tiền - Cha Giàu Cha Nghèo (Tái Bản),63000.0,4.8,38577,https://tiki.vn/sach-day-con-lam-giau-tap-1-de-khong-co-tien-van-tao-ra-tien-cha-giau-cha-ngheo-tai-ban-p7833728.html?spid=7833729,Tiki,Ngành 847,63000.0,0.0,Tiki,False
4780917,Sách Người Đua Diều (Tái Bản 2018),99330.0,4.8,23226,https://tiki.vn/sach-nguoi-dua-dieu-tai-ban-2018-p4780917.html?spid=4781791,Tiki,Ngành 67996,99330.0,0.0,Tiki,False
279437167,"Sách Hẹn Gặp Lại, Quốc Vương Của Tôi - Tập 7",137830.0,4.5,52,https://tiki.vn/sach-hen-gap-lai-quoc-vuong-cua-toi-tap-7-p279437167.html?spid=279437172,Tiki,Ngành 67792,137830.0,0.0,Tiki,False
279414086,Sách Viết Cũng Là Học - Writing to learn,135200.0,5.0,105,https://tiki.vn/sach-viet-cung-la-hoc-writing-to-learn-p279414086.html?spid=279414087,Tiki,Tô màu - Luyện chữ,135200.0,0.0,Tiki,False
279321804,Sách Chờ Ngày Bình Yên,89250.0,4.5,63,https://tiki.vn/sach-cho-ngay-binh-yen-p279321804.html?spid=279321805,Tiki,Ngành 68000,89250.0,0.0,Tiki,False
278966679,Sách - Phương Pháp Đặt Câu Hỏi Của Socrates - Khai Mở Tư Duy Phản Biện Và Hiểu Biết Sâu Sắc,93500.0,4.6,399,https://tiki.vn/sach-phuong-phap-dat-cau-hoi-cua-socrates-khai-mo-tu-duy-phan-bien-va-hieu-biet-sau-sac-p278966679.html?spid=278966681,Tiki,Tô màu - Luyện chữ,93500.0,0.0,Tiki,False
278949619,Quý tộc nhà nông,61000.0,5.0,182,https://tiki.vn/quy-toc-nha-nong-01-tang-kem-the-bai-quy-toc-p278949619.html?spid=278949622,Tiki,Truyện tranh/Manga,61000.0,0.0,Tiki,False
278892527,Sách Tokyo Aliens - [Chọn Tập Lẻ,38000.0,4.5,183,https://tiki.vn/sach-tokyo-aliens-chon-tap-le-p278892527.html?spid=279235141,Tiki,Truyện tranh/Manga,38000.0,0.0,Tiki,False
278860289,Sách Nguyễn Nhật Ánh - Cô Bé Hàng Xóm Và Bốn Viên Kẹo - Bìa Cứng - Tặng Kèm Random 1 Trong 4 Mẫu Bookmark + Sticker + Sổ Vẽ,184000.0,5.0,222,https://tiki.vn/sach-co-be-hang-xom-va-bon-vien-keo-bia-cung-tang-kem-random-1-trong-4-mau-bookmark-sticker-so-ve-p278860289.html?spid=278860290,Tiki,Ngành 67997,184000.0,0.0,Tiki,False
278838097,Sách Tính Bản Ác (M. Scott Peck) - Tuệ Tri,133000.0,4.7,516,https://tiki.vn/sach-tinh-ban-ac-p278838097.html?spid=278838098,Tiki,Tô màu - Luyện chữ,133000.0,0.0,Tiki,False
278724728,Sách Giải Mã Tâm Lý Hành Vi Về Tiền,156400.0,4.8,865,https://tiki.vn/sach-giai-ma-tam-ly-hanh-vi-ve-tien-p278724728.html?spid=278724729,Tiki,Ngành 67915,156400.0,0.0,Tiki,False
278572376,Combo Perman - Cậu Bé Siêu Nhân,166250.0,5.0,186,https://tiki.vn/combo-perman-cau-be-sieu-nhan-p278572376.html?spid=278572844,Tiki,Truyện tranh/Manga,166250.0,0.0,Tiki,False
277827033,Sách Lần Đầu Làm Mẹ - Tổng Hợp Những Kiến Thức Mới Nhất Về Mang Thai Và Sinh Nở,194700.0,4.8,268,https://tiki.vn/sach-lan-dau-lam-me-tong-hop-nhung-kien-thuc-moi-nhat-ve-mang-thai-va-sinh-no-p277827033.html?spid=277827036,Tiki,Ngành 68030,194700.0,0.0,Tiki,False
277728224,"Sách Nói Chuyện Là Bản Năng, Giữ Miệng Là Tu Dưỡng, Im Lặng Là Trí Tuệ",113400.0,4.8,7976,https://tiki.vn/sach-noi-chuyen-la-ban-nang-giu-mieng-la-tu-duong-im-lang-la-tri-tue-p277728224.html?spid=212356653,Tiki,Ngành 67936,113400.0,0.0,Tiki,False
277622005,Sách Boxset Cá Voi Đêm Bão Và Những Câu Chuyện Khác (5 Cuốn),195000.0,5.0,162,https://tiki.vn/sach-boxset-ca-voi-dem-bao-va-nhung-cau-chuyen-khac-5-cuon-p277622005.html?spid=277622008,Tiki,Ngành 855,195000.0,0.0,Tiki,False
277599506,Sách Đôi mắt của Mona,260260.0,4.7,518,https://tiki.vn/sach-doi-mat-cua-mona-p277599506.html?spid=277599509,Tiki,Ngành 67997,260260.0,0.0,Tiki,False
276960030,Sách Khi Mọi Điều Không Như Ý,83930.0,5.0,3022,https://tiki.vn/sach-khi-moi-dieu-khong-nhu-y-p276960030.html?spid=276960033,Tiki,Ngành 67946,83930.0,0.0,Tiki,False
276944781,Sách Công Cụ Của Những Người Khổng Lồ,310000.0,5.0,199,https://tiki.vn/sach-cong-cu-cua-nhung-nguoi-khong-lo-p276944781.html?spid=277347896,Tiki,Ngành 849,310000.0,0.0,Tiki,False
276933759,Combo Giáo Trình Chuẩn HSK 5 Tập 1 - Sách Bài Học và Bài tập (Bộ 2 cuốn),387000.0,5.0,850,https://tiki.vn/combo-giao-trinh-chuan-hsk-5-tap-1-sach-bai-hoc-va-bai-tap-bo-2-cuon-p276933759.html?spid=276949262,Tiki,Ngành 67867,387000.0,0.0,Tiki,False
276471716,Sách Cách Sống,71500.0,4.8,877,https://tiki.vn/sach-cach-song-p276471716.html?spid=276471719,Tiki,Ngành 872,71500.0,0.0,Tiki,False
276285600,Phù thủy và dã thú,49000.0,5.0,100,https://tiki.vn/phu-thuy-va-da-thu-p276285600.html?spid=276885653,Tiki,Truyện tranh/Manga,49000.0,0.0,Tiki,False
275034810,Sách Thánh Kinh Marketing,187600.0,5.0,90,https://tiki.vn/sach-thanh-kinh-marketing-p275034810.html?spid=275034812,Tiki,Ngành 848,187600.0,0.0,Tiki,False
273349964,Cecilia & Lawrence ( Chọn Tập Lẻ),38000.0,5.0,84,https://tiki.vn/combo-cecilia-lawrence-p273349964.html?spid=278690548,Tiki,Truyện tranh/Manga,38000.0,0.0,Tiki,False
273219497,Series các tập Moriarty the patriot,40000.0,5.0,763,https://tiki.vn/series-cac-tap-moriarty-the-patriot-p273219497.html?spid=274971985,Tiki,Truyện tranh/Manga,40000.0,0.0,Tiki,False
272367381,Sách Trốn Lên Mái Nhà Để Khóc,73150.0,5.0,2861,https://tiki.vn/sach-tron-len-mai-nha-de-khoc-p272367381.html?spid=272367383,Tiki,Ngành 68000,73150.0,0.0,Tiki,False
271916321,"	 Sách Mùa hè không tên (Nguyễn Nhật Ánh) - Tặng kèm Bookmark, Tranh màu",103500.0,5.0,5565,https://tiki.vn/sach-mua-he-khong-ten-nguyen-nhat-anh-tang-kem-bookmark-tranh-mau-cho-ca-2-phien-ban-tang-them-ngau-nhien-1-trong-2-lot-ly-cho-ban-bia-cung-p271916321.html?spid=271916323,Tiki,Ngành 6750,103500.0,0.0,Tiki,False
251255482,Doraemon - Chú Mèo Máy Đến Từ Tương Lai Tập 26 (Tái Bản),23750.0,5.0,31,https://tiki.vn/doraemon-chu-meo-may-den-tu-tuong-lai-tap-26-tai-ban-2023-p251255482.html?spid=251255484,Tiki,Truyện tranh/Manga,23750.0,0.0,Tiki,False
220665663,Sách 30 Tuổi - Mọi Thứ Chỉ Mới Bắt Đầu,103950.0,4.8,2758,https://tiki.vn/sach-30-tuoi-moi-thu-chi-moi-bat-dau-p220665663.html?spid=220665664,Tiki,Tô màu - Luyện chữ,103950.0,0.0,Tiki,False
205942263,Sách Tận Hưởng Hành Trình Nuôi Con Sữa Mẹ,116250.0,4.8,2608,https://tiki.vn/sach-tan-huong-hanh-trinh-nuoi-con-sua-me-p205942263.html?spid=205942266,Tiki,Ngành 68026,116250.0,0.0,Tiki,False
202450677,Chú Thuật Hồi Chiến Tập 8,28000.0,5.0,2629,https://tiki.vn/chu-thuat-hoi-chien-tap-8-p202450677.html?spid=202450681,Tiki,Truyện tranh/Manga,28000.0,0.0,Tiki,False
186290796,Sách Còn chút gì để nhớ (Tái Bản 2022),38950.0,5.0,1207,https://tiki.vn/sach-con-chut-gi-de-nho-tai-ban-2022-p186290796.html?spid=186290799,Tiki,Ngành 68000,38950.0,0.0,Tiki,False
186286190,Sách Mắt Biếc (Tái Bản 2022),40850.0,5.0,690,https://tiki.vn/sach-mat-biec-tai-ban-2022-p186286190.html?spid=186286191,Tiki,Ngành 68000,40850.0,0.0,Tiki,False
168662171,Sách Vừa Nhắm Mắt Vừa Mở Cửa Số,63000.0,5.0,2974,https://tiki.vn/sach-vua-nham-mat-vua-mo-cua-so-p168662171.html?spid=168662172,Tiki,Ngành 1754,63000.0,0.0,Tiki,False
82996522,Sách Tư Bản Thế Kỷ 21,231000.0,4.8,1415,https://tiki.vn/sach-tu-ban-the-ky-21-p82996522.html?spid=82996523,Tiki,Ngành 67901,231000.0,0.0,Tiki,False
50322710,Sách 48 Nguyên Tắc Chủ Chốt Của Quyền Lực (Tái Bản 2020),167000.0,5.0,9462,https://tiki.vn/sach-48-nguyen-tac-chu-chot-cua-quyen-luc-tai-ban-2020-p50322710.html?spid=51830751,Tiki,Tô màu - Luyện chữ,167000.0,0.0,Tiki,False
50263061,Combo Thám Tử Lừng Danh Conan Tập 21 - 30 (Bộ 10 cuốn),237500.0,5.0,826,https://tiki.vn/combo-tham-tu-lung-danh-conan-tap-21-30-bo-10-cuon-p50263061.html?spid=58806027,Tiki,Truyện tranh/Manga,237500.0,0.0,Tiki,False
8886007,Sách Ngàn Mặt Trời Rực Rỡ (Tái Bản),123200.0,4.8,10951,https://tiki.vn/sach-ngan-mat-troi-ruc-ro-tai-ban-p8886007.html?spid=8886008,Tiki,Ngành 6750,123200.0,0.0,Tiki,False
7369223,Sách Cho Tôi Xin Một Vé Đi Tuổi Thơ,68400.0,4.8,21459,https://tiki.vn/sach-cho-toi-xin-mot-ve-di-tuoi-tho-bia-mem-tai-ban-p7369223.html?spid=7369225,Tiki,Ngành 6750,68400.0,0.0,Tiki,False
3304875,Sách Điều Kỳ Diệu Của Tiệm Tạp Hóa NAMIYA (Tái Bản),107030.0,5.0,35105,https://tiki.vn/sach-dieu-ky-dieu-cua-tiem-tap-hoa-namiya-tai-ban-p3304875.html?spid=3304877,Tiki,Ngành 67999,107030.0,0.0,Tiki,False
1215677,Sách Từ Những Hạt Mầm: Hột Điều Của Sóc,11500.0,5.0,910,https://tiki.vn/sach-tu-nhung-hat-mam-hot-dieu-cua-soc-p1215677.html?spid=1215947,Tiki,Ngành 853,11500.0,0.0,Tiki,False
997535,Sách Gọi Em Bằng Tên Anh - Call Me By Your Name,92000.0,4.8,9260,https://tiki.vn/sach-goi-em-bang-ten-anh-call-me-by-your-name-p997535.html?spid=1002143,Tiki,Ngành 67997,92000.0,0.0,Tiki,False
633125,Sách Lĩnh Nam Chích Quái,266000.0,4.8,5827,https://tiki.vn/sach-linh-nam-chich-quai-p633125.html?spid=633134,Tiki,Ngành 840,266000.0,0.0,Tiki,False
279395889,Sách One Piece - Tập 110,23750.0,5.0,40,https://tiki.vn/sach-one-piece-tap-110-p279395889.html?spid=279395899,Tiki,Truyện tranh/Manga,23750.0,0.0,Tiki,False
279375972,Sách Trái Dấu Hút Nhau (Chọn lẻ),55000.0,4.8,81,https://tiki.vn/sach-trai-dau-hut-nhau-chon-le-p279375972.html?spid=279595763,Tiki,Truyện tranh/Manga,55000.0,0.0,Tiki,False
279358057,Sách Làm Dâu Nhà Giáo,158010.0,5.0,33,https://tiki.vn/sach-lam-dau-nha-giao-p279358057.html?spid=279359159,Tiki,Truyện tranh/Manga,158010.0,0.0,Tiki,False
279292563,Truyện Tranh - Nơi Dãy Núi Điên Dại,38000.0,5.0,51,https://tiki.vn/truyen-tranh-noi-day-nui-dien-dai-p279292563.html?spid=279534174,Tiki,Truyện tranh/Manga,38000.0,0.0,Tiki,False
279292547,Sách Dan Da Dan - Tập 7 + Special Cover,40500.0,5.0,195,https://tiki.vn/sach-dan-da-dan-p279292547.html?spid=279557394,Tiki,Truyện tranh/Manga,40500.0,0.0,Tiki,False
279236017,Hồn Oda Da Shiba,48900.0,5.0,44,https://tiki.vn/hon-oda-da-shiba-p279236017.html?spid=279307513,Tiki,Truyện tranh/Manga,48900.0,0.0,Tiki,False
279187927,Văn phòng thám tử quái vật,28000.0,5.0,153,https://tiki.vn/van-phong-tham-tu-quai-vat-p279187927.html?spid=253366607,Tiki,Truyện tranh/Manga,28000.0,0.0,Tiki,False
279149139,Làm Dâu Nhà Sói (Tập 1),63200.0,5.0,32,https://tiki.vn/lam-dau-nha-soi-tap-1-p279149139.html?spid=279149140,Tiki,Truyện tranh/Manga,63200.0,0.0,Tiki,False
278948458,Sách Vòng Lặp Thứ 7 Của Tiểu Thư Phản Diện - Cuộc Sống Hôn Nhân Tự Tại Giữa Lòng Địch Quốc (Chọn Tập Lẻ),42750.0,5.0,67,https://tiki.vn/sach-vong-lap-thu-7-cua-tieu-thu-phan-dien-cuoc-song-hon-nhan-tu-tai-giua-long-dich-quoc-9-chon-tap-le-p278948458.html?spid=279185693,Tiki,Truyện tranh/Manga,42750.0,0.0,Tiki,False
278841848,Doraemon Movie Story Màu: Nobita Và Những Hiệp Sĩ Không Gian,34300.0,0.0,20,https://tiki.vn/doraemon-movie-story-mau-nobita-va-nhung-hiep-si-khong-gian-p278841848.html?spid=278841849,Tiki,Truyện tranh/Manga,34300.0,0.0,Tiki,False
278572380,Perman - Cậu Bé Siêu Nhân,23750.0,0.0,35,https://tiki.vn/perman-cau-be-sieu-nhan-p278572380.html?spid=278572687,Tiki,Truyện tranh/Manga,23750.0,0.0,Tiki,False
278445298,Slam Dunk - Deluxe Edition ( Các Tập Lẻ),57000.0,5.0,280,https://tiki.vn/slam-dunk-deluxe-edition-cac-tap-le-p278445298.html?spid=278445305,Tiki,Truyện tranh/Manga,57000.0,0.0,Tiki,False
278229522,Boxset Nguyên Tội Của Takopi (2 Tập),95000.0,4.7,106,https://tiki.vn/boxset-nguyen-toi-cua-takopi-2-tap-tang-kem-standee-giay-boi-p278229522.html?spid=278229523,Tiki,Truyện tranh/Manga,95000.0,0.0,Tiki,False
278123404,Vùng Đất Xa Xăm,86000.0,4.6,314,https://tiki.vn/vung-dat-xa-xam-p278123404.html?spid=278684598,Tiki,Truyện tranh/Manga,86000.0,0.0,Tiki,False
277671463,Tình Yêu Nhân Vật Phụ,40000.0,5.0,112,https://tiki.vn/tinh-yeu-nhan-vat-phu-p277671463.html?spid=278710796,Tiki,Truyện tranh/Manga,40000.0,0.0,Tiki,False
277543284,Kotaro sống một mình,44000.0,5.0,252,https://tiki.vn/kotaro-song-mot-minh-p277543284.html?spid=277670266,Tiki,Truyện tranh/Manga,44000.0,0.0,Tiki,False
277384364,Hồ Sơ Mật The Top Secret Season 0,49900.0,5.0,398,https://tiki.vn/ho-so-mat-the-top-secret-season-0-p277384364.html?spid=277690619,Tiki,Truyện tranh/Manga,49900.0,0.0,Tiki,False
276922183,Thám Tử Lừng Danh Conan Tập 105,24500.0,5.0,387,https://tiki.vn/tham-tu-lung-danh-conan-tap-105-p276922183.html?spid=276922189,Tiki,Truyện tranh/Manga,24500.0,0.0,Tiki,False
276860230,Doraemon Plus Tập 7 (Bản Bìa Gập),21600.0,4.2,54,https://tiki.vn/doraemon-plus-tap-7-ban-bia-gap-p276860230.html?spid=276860232,Tiki,Truyện tranh/Manga,21600.0,0.0,Tiki,False
275925573,Bộ Truyện Tranh Dấu Ấn Hoàng Gia [ Nữ Hoàng Ai Cập ] - (Chọn Tập Lẻ),29400.0,5.0,564,https://tiki.vn/bo-truyen-tranh-dau-an-hoang-gia-p275925573.html?spid=278860209,Tiki,Truyện tranh/Manga,29400.0,0.0,Tiki,False
275362670,Sakamoto Days Sát thủ huyền thoại [Chọn Tập Lẻ,43000.0,5.0,1741,https://tiki.vn/sakamoto-days-01_sat-thu-huyen-thoai-tap-1-p275362670.html?spid=275599500,Tiki,Truyện tranh/Manga,43000.0,0.0,Tiki,False
274928291,Historie,40850.0,5.0,492,https://tiki.vn/historie-p274928291.html?spid=276285287,Tiki,Truyện tranh/Manga,40850.0,0.0,Tiki,False
274175475,Frieren - Pháp Sư Tiễn Táng,40500.0,5.0,365,https://tiki.vn/frieren-phap-su-tien-tang-p274175475.html?spid=274672815,Tiki,Truyện tranh/Manga,40500.0,0.0,Tiki,False
273200683,Series các tập Chu Du Ẩm Thực Tại Dị Giới Với Kĩ Năng Không Tưởng,38000.0,5.0,227,https://tiki.vn/chu-du-am-thuc-tai-di-gioi-voi-ki-nang-khong-tuong-p273200683.html?spid=274150466,Tiki,Truyện tranh/Manga,38000.0,0.0,Tiki,False
272003238,Nụ hôn tinh nghịch,83600.0,5.0,279,https://tiki.vn/nu-hon-tinh-nghich-p272003238.html?spid=274972075,Tiki,Truyện tranh/Manga,83600.0,0.0,Tiki,False
271535830,Shin - Cậu Bé Bút Chì - Tập 45,23750.0,5.0,45,https://tiki.vn/shin-cau-be-but-chi-tap-45-p271535830.html?spid=271535833,Tiki,Truyện tranh/Manga,23750.0,0.0,Tiki,False
270790349,Shin - Cậu Bé Bút Chì Tập 16,23500.0,4.8,38,https://tiki.vn/shin-cau-be-but-chi-tap-16-p270790349.html?spid=270790352,Tiki,Truyện tranh/Manga,23500.0,0.0,Tiki,False
270790324,Doraemon Plus Tập 5,23750.0,5.0,32,https://tiki.vn/doraemon-plus-tap-5-p270790324.html?spid=270790327,Tiki,Truyện tranh/Manga,23750.0,0.0,Tiki,False
270663112,Combo Thám Tử Lừng Danh Conan - Học Viện Cảnh Sát - Wild Police Story [Tập 1+2] (2 Cuốn),57000.0,4.8,70,https://tiki.vn/combo-tham-tu-lung-danh-conan-hoc-vien-canh-sat-wild-police-story-tap-1-2-2-cuon-p270663112.html?spid=270663115,Tiki,Truyện tranh/Manga,57000.0,0.0,Tiki,False
263052837,Dragon Ball Super Tập 14: Tuần Tra Viên Ngân Hà Son Goku,28500.0,5.0,14,https://tiki.vn/dragon-ball-super-tap-14-tuan-tra-vien-ngan-ha-son-goku-p263052837.html?spid=263052840,Tiki,Truyện tranh/Manga,28500.0,0.0,Tiki,False
262304692,Doraemon - Chú Mèo Máy Đến Từ Tương Lai Tập 37,21120.0,5.0,55,https://tiki.vn/doraemon-chu-meo-may-den-tu-tuong-lai-tap-37-p262304692.html?spid=262304695,Tiki,Truyện tranh/Manga,21120.0,0.0,Tiki,False
247442507,Doraemon Tranh Truyện Màu - Nobita Tây Du Kí Tập 2 (Tái Bản 2023),28500.0,5.0,44,https://tiki.vn/doraemon-tranh-truyen-mau-nobita-tay-du-ki-tap-2-tai-ban-2023-p247442507.html?spid=247442508,Tiki,Truyện tranh/Manga,28500.0,0.0,Tiki,False
246073880,Combo Thám Tử Lừng Danh Conan Hoạt Hình Màu: Kẻ Hành Pháp Zero (Tập 1 + Tập 2) (2 Cuốn),114000.0,5.0,32,https://tiki.vn/combo-tham-tu-lung-danh-conan-hoat-hinh-mau-ke-hanh-phap-zero-tap-1-tap-2-2-cuon-tai-ban-2023-p246073880.html?spid=246073881,Tiki,Truyện tranh/Manga,114000.0,0.0,Tiki,False
242085691,Doraemon Tập 6: Nobita Và Cuộc Chiến Vũ Trụ [Tái Bản 2023],20900.0,0.0,27,https://tiki.vn/doraemon-tap-6-nobita-va-cuoc-chien-vu-tru-tai-ban-2023-p242085691.html?spid=242085692,Tiki,Truyện tranh/Manga,20900.0,0.0,Tiki,False
195969664,Tokyo Revengers - Tập 4,94700.0,5.0,962,https://tiki.vn/tokyo-revengers-tap-4-p195969664.html?spid=195969673,Tiki,Truyện tranh/Manga,94700.0,0.0,Tiki,False
185097189,Combo Nhà Có 5 Nàng Dâu ( 14 Tập) [Tái Bản 2025],394250.0,0.0,3,https://tiki.vn/nha-co-5-nang-dau-combo-12-tap-tap-1-den-tap-12-p185097189.html?spid=185097190,Tiki,Truyện tranh/Manga,394250.0,0.0,Tiki,False
57233240,Combo 5 Cuốn: Doraemon Thế Giới Khoa Học,213750.0,4.8,270,https://tiki.vn/combo-5-cuon-doraemon-the-gioi-khoa-hoc-p57233240.html?spid=57233241,Tiki,Truyện tranh/Manga,213750.0,0.0,Tiki,False
34956336,Doraemon Plus Tập 6 (Tái Bản),21600.0,5.0,37,https://tiki.vn/doraemon-plus-tap-6-tai-ban-2019-p34956336.html?spid=34956337,Tiki,Truyện tranh/Manga,21600.0,0.0,Tiki,False
20611171,Combo Tý Quậy ( 10 tập ),300000.0,4.7,254,https://tiki.vn/combo-ty-quay-10-tap-p20611171.html?spid=20611172,Tiki,Truyện tranh/Manga,300000.0,0.0,Tiki,False
19824204,Combo Doraemon Truyện Ngắn (45 Tập) - Tái Bản,982800.0,4.8,3070,https://tiki.vn/combo-doraemon-truyen-ngan-45-tap-tai-ban-p19824204.html?spid=19824205,Tiki,Truyện tranh/Manga,982800.0,0.0,Tiki,False
279411794,Máy tính bảng Samsung Galaxy Tab A11 4G ( 4GB/64GB) - Hàng chính hãng,6990000.0,0.0,110,https://tiki.vn/may-tinh-bang-samsung-galaxy-tab-a11-4g-4gb-64gb-p279411794.html?spid=279412568,Tiki,Ngành 1794,6990000.0,0.0,Tiki,False
279411764,Máy Tính Bảng Samsung Galaxy Tab A11 WiFi (4GB/64GB) - Hàng chính hãng,5990000.0,0.0,182,https://tiki.vn/may-tinh-bang-samsung-galaxy-tab-a11-wifi-4gb-64gb-p279411764.html?spid=279411768,Tiki,Ngành 1794,5990000.0,0.0,Tiki,False
279314917,Điện thoại Xiaomi Redmi Note 15 Pro 12GB/256GB - Hàng Chính Hãng,7590000.0,4.7,7,https://tiki.vn/dien-thoai-xiaomi-redmi-note-15-pro-12gb-256gb-hang-chinh-hang-p279314917.html?spid=279322849,Tiki,Ngành 1795,7590000.0,0.0,Tiki,False
279314906,Điện thoại Xiaomi Redmi Note 15 Pro 8GB/256GB - Hàng Chính Hãng,7250000.0,0.0,0,https://tiki.vn/dien-thoai-xiaomi-redmi-note-15-pro-8gb-256gb-hang-chinh-hang-p279314906.html?spid=279314910,Tiki,Ngành 1795,7250000.0,0.0,Tiki,False
279297038,Điện Thoại Samsung Galaxy A57 5G 8GB/128GB - Hàng Chính Hãng,10199000.0,0.0,0,https://tiki.vn/dien-thoai-samsung-galaxy-a57-5g-8gb-128gb-hang-chinh-hang-p279297038.html?spid=279297040,Tiki,Ngành 1795,10199000.0,0.0,Tiki,True
279257510,Điện Thoại Samsung Galaxy A57 5G ( 8GB/128GB) - Hàng Chính Hãng,12490000.0,4.8,13,https://tiki.vn/dien-thoai-samsung-galaxy-a57-5g-8gb-128gb-hang-chinh-hang-p279257510.html?spid=279257516,Tiki,Ngành 1795,12490000.0,0.0,Tiki,True
279257463,Điện Thoại Samsung Galaxy A37 5G (8GB/128GB) - Hàng Chính Hãng,10990000.0,5.0,3,https://tiki.vn/dien-thoai-samsung-galaxy-a37-5g-hang-chinh-hang-p279257463.html?spid=279257465,Tiki,Ngành 1795,10990000.0,0.0,Tiki,True
279231976,Apple iPad Air M4 11-Inch Wi-Fi,18490000.0,5.0,9,https://tiki.vn/apple-ipad-air-m4-11-inch-wi-fi-hang-chinh-hang-p279231976.html?spid=279231986,Tiki,Ngành 1794,18490000.0,0.0,Tiki,True
279188180,Máy Tính Bảng Galaxy Tab S10 Lite Wifi (8GB/256GB) - Hàng Chính Hãng,11990000.0,0.0,97,https://tiki.vn/may-tinh-bang-galaxy-tab-s10-lite-wifi-8gb-256gb-hang-chinh-hang-p279188180.html?spid=279188182,Tiki,Ngành 1794,11990000.0,0.0,Tiki,True
279185853,Điện Thoại Samsung Galaxy S26 Ultra (12GB/256GB) - Hàng Chính Hãng,27900000.0,0.0,5,https://tiki.vn/dien-thoai-samsung-galaxy-s26-ultra-12gb-256gb-hang-chinh-hang-p279185853.html?spid=279185857,Tiki,Ngành 1795,27900000.0,0.0,Tiki,True
279185842,Điện Thoại Samsung Galaxy S26+ (12GB/256GB) - Hàng Chính Hãng,21990000.0,0.0,0,https://tiki.vn/dien-thoai-samsung-galaxy-s26-12gb-256gb-hang-chinh-hang-p279185842.html?spid=279185844,Tiki,Ngành 1795,21990000.0,0.0,Tiki,True
279185812,Điện Thoại Samsung Galaxy S26 (12GB/256GB) - Hàng Chính Hãng,25990000.0,0.0,1,https://tiki.vn/dien-thoai-samsung-galaxy-s26-12gb-256gb-hang-chinh-hang-p279185812.html?spid=279185818,Tiki,Ngành 1795,25990000.0,0.0,Tiki,True
279122014,Điện thoại Xiaomi Redmi Note 15 Pro (12GB/256GB) - Hàng chính hãng,8290000.0,0.0,0,https://tiki.vn/dien-thoai-xiaomi-redmi-note-15-pro-12gb-256gb-hang-chinh-hang-p279122014.html?spid=279122018,Tiki,Ngành 1795,8290000.0,0.0,Tiki,False
279077078, Điện thoại Oppo A5x (4GB/128GB) - Hàng chính hãng,4690000.0,0.0,7011,https://tiki.vn/dien-thoai-oppo-a5x-4gb-128gb-hang-chinh-hang-p279077078.html?spid=279077080,Tiki,Ngành 1795,4690000.0,0.0,Tiki,False
278820676,Điện Thoại Xiaomi 15T Pro 5G 12GB/512GB - Hàng Chính Hãng,16959000.0,0.0,0,https://tiki.vn/dien-thoai-xiaomi-15t-pro-5g-12gb-512gb-hang-chinh-hang-p278820676.html?spid=278820682,Tiki,Ngành 1795,16959000.0,0.0,Tiki,True
278814651,Điện thoại Xiaomi Redmi 15C (6GB/128GB) - Hàng chính hãng,4990000.0,0.0,2,https://tiki.vn/dien-thoai-xiaomi-redmi-15c-6gb-128gb-hang-chinh-hang-p278814651.html?spid=279051355,Tiki,Ngành 1795,4990000.0,0.0,Tiki,False
278730376,Máy tính bảng Samsung Galaxy Tab A11 Wifi (4GB/64GB) - Hàng chính hãng,3990000.0,0.0,0,https://tiki.vn/may-tinh-bang-samsung-galaxy-tab-a11-wifi-4gb-64gb-hang-chinh-hang-p278730376.html?spid=278730380,Tiki,Ngành 1794,3990000.0,0.0,Tiki,False
278729165,Máy tính bảng Samsung Galaxy Tab A11 LTE (4GB/64GB) - Hàng chính hãng,5490000.0,0.0,2,https://tiki.vn/may-tinh-bang-samsung-galaxy-tab-a11-lte-4gb-64gb-hang-chinh-hang-p278729165.html?spid=278729169,Tiki,Ngành 1794,5490000.0,0.0,Tiki,False
278635796,Điện Thoại Samsung Galaxy A17 8GB/128GB - Hàng Chính Hãng,5359000.0,0.0,3,https://tiki.vn/dien-thoai-samsung-galaxy-a17-8gb-128gb-hang-chinh-hang-p278635796.html?spid=278635798,Tiki,Ngành 1795,5359000.0,0.0,Tiki,False
278630285,Apple iPhone Air - Xanh Da Trời - 256GB,21990000.0,5.0,53,https://tiki.vn/apple-iphone-air-p278630285.html?spid=278630803,Tiki,Ngành 1795,21990000.0,0.0,Tiki,True
278630241,Apple iPhone 17,23500000.0,5.0,249,https://tiki.vn/apple-iphone-17-p278630241.html?spid=278630827,Tiki,Ngành 1795,23500000.0,0.0,Tiki,True
278628866,Apple iPhone 17 Pro Max,33490000.0,5.0,4999,https://tiki.vn/apple-iphone-17-pro-max-p278628866.html?spid=278630786,Tiki,Ngành 1795,33490000.0,0.0,Tiki,True
278628812,Apple iPhone 17 Pro,30990000.0,5.0,443,https://tiki.vn/apple-iphone-17-pro-p278628812.html?spid=278630775,Tiki,Ngành 1795,30990000.0,0.0,Tiki,True
278591193,Điện thoại Samsung Galaxy A17 5G (8GB/128GB) - Hàng chính hãng,6390000.0,0.0,0,https://tiki.vn/dien-thoai-samsung-galaxy-a17-5g-8gb-128gb-hang-chinh-hang-p278591193.html?spid=278591198,Tiki,Ngành 1795,6390000.0,0.0,Tiki,False
278540683,Điện Thoại Samsung Galaxy A17 5G 8GB/128GB - Hàng Chính Hãng,6129000.0,0.0,2,https://tiki.vn/dien-thoai-samsung-galaxy-a17-5g-8gb-128gb-hang-chinh-hang-p278540683.html?spid=278540689,Tiki,Ngành 1795,6129000.0,0.0,Tiki,False
277944334,Điện Thoại Samsung Galaxy A06 5G 4GB/64GB - Hàng Chính Hãng,3389000.0,5.0,8,https://tiki.vn/dien-thoai-samsung-a06-5g-4gb-64gb-hang-chinh-hang-p277944334.html?spid=277944340,Tiki,Ngành 1795,3389000.0,0.0,Tiki,False
277812880,Máy Tính Bảng Galaxy Tab S10 FE Wifi (8GB/128GB) - Hàng Chính Hãng,11990000.0,5.0,46,https://tiki.vn/may-tinh-bang-galaxy-tab-s10-fe-wifi-8gb-128gb-hang-chinh-hang-p277812880.html?spid=277812886,Tiki,Ngành 1794,11990000.0,0.0,Tiki,True
277646748,Điện thoại Samsung Galaxy A06 5G (4GB/64GB) - Hàng chính hãng,3990000.0,5.0,2,https://tiki.vn/dien-thoai-samsung-galaxy-a06-5g-4gb-64gb-hang-chinh-hang-p277646748.html?spid=277646755,Tiki,Ngành 1795,3990000.0,0.0,Tiki,False
277619147,Máy tính bảng iPad Gen 11 (A16) WiFi,11990000.0,5.0,474,https://tiki.vn/may-tinh-bang-ipad-gen-11-a16-wifi-p277619147.html?spid=277619155,Tiki,Ngành 1794,11990000.0,0.0,Tiki,True
277574339,Củ Sạc Samsung Không Kèm Cáp 25W - Hàng Chính Hãng,180000.0,4.8,505,https://tiki.vn/cu-sac-samsung-khong-kem-cap-25w-hang-chinh-hang-p277574339.html?spid=277574341,Tiki,Ngành 1795,180000.0,0.0,Tiki,False
276539826,"Máy đọc sách New Kindle 2024, 16Gb Mới nguyên Seal - Hàng chính hãng",3690000.0,5.0,9,https://tiki.vn/may-doc-sach-new-kindle-2024-16gb-moi-nguyen-seal-hang-chinh-hang-p276539826.html?spid=276540791,Tiki,Ngành 28856,3690000.0,0.0,Tiki,False
276448920,"Máy đọc sách Amazon Kindle Paperwhite 6 (Gen 12th), Mới nguyên Seal - Hàng chính hãng",4890000.0,5.0,24,https://tiki.vn/may-doc-sach-amazon-kindle-paperwhite-6-gen-12th-hang-chinh-hang-p276448920.html?spid=276448922,Tiki,Ngành 28856,4890000.0,0.0,Tiki,False
275386982,Điện Thoại Nokia 220 4G - Hàng Chính Hãng,1089000.0,5.0,17,https://tiki.vn/dien-thoai-nokia-220-4g-hang-chinh-hang-p275386982.html?spid=275386986,Tiki,Ngành 1796,1089000.0,0.0,Tiki,False
271362153,"Combo Máy đọc sách All New Kindle Paperwhite 5 (11th Gen) và Bao da FOR KIDS (Bản KIDS, Không Quảng Cáo) - Hàng chính hãng",3990000.0,5.0,16,https://tiki.vn/combo-may-doc-sach-all-new-kindle-paperwhite-5-11th-gen-va-bao-da-for-kids-ban-kids-khong-quang-cao-hang-nhap-khau-p271362153.html?spid=271362159,Tiki,Ngành 28856,3990000.0,0.0,Tiki,False
271234577,Điện Thoại Nokia 105 4G Pro - Hàng Chính Hãng,849000.0,5.0,20,https://tiki.vn/dien-thoai-nokia-105-4g-pro-hang-chinh-hang-p271234577.html?spid=271234579,Tiki,Ngành 1796,849000.0,0.0,Tiki,False
252586291,Máy đọc sách All New Kindle Paperwhite 5 (11th Gen) - Hàng chính hãng,4130000.0,5.0,521,https://tiki.vn/may-doc-sach-all-new-kindle-paperwhite-5-11th-gen-hang-nhap-khau-p252586291.html?spid=252586532,Tiki,Ngành 28856,4130000.0,0.0,Tiki,False
249782771,Máy tính bảng Xelex Gama Tab X8 EDU (Hàng chính hãng),2890000.0,0.0,0,https://tiki.vn/may-tinh-bang-xelex-gama-tab-x8-edu-p249782771.html?spid=249782772,Tiki,Ngành 1794,2890000.0,0.0,Tiki,False
201067649,Combo máy đọc sách Kindle Paperwhite 5 (11th gen) tặng kèm bao da ( Cover ) - Hàng nhập khẩu,3890000.0,5.0,255,https://tiki.vn/combo-may-doc-sach-kindle-paperwhite-5-8gb-black-11th-gen-tang-kem-bao-da-cover-hang-nhap-khau-p201067649.html?spid=184640915,Tiki,Ngành 28856,3890000.0,0.0,Tiki,False
196197701,Điện thoại Samsung Galaxy Z Fold4 5G (12GB/256GB) - Hàng chính hãng,40990000.0,0.0,0,https://tiki.vn/dien-thoai-samsung-galaxy-z-fold4-5g-12gb-256gb-hang-chinh-hang-p196197701.html?spid=196197705,Tiki,Ngành 1795,40990000.0,0.0,Tiki,True
4048581,Điện Thoại Bàn Panasonic KX-TSC11,739000.0,4.5,67,https://tiki.vn/dien-thoai-ban-panasonic-kx-tsc11-hang-chinh-hang-p4048581.html?spid=26683926,Tiki,Ngành 8061,739000.0,0.0,Tiki,False
279463314,Điện thoại Xiaomi Redmi Note 15 (8GB/128GB) - Hàng chính hãng,6490000.0,0.0,0,https://tiki.vn/dien-thoai-xiaomi-redmi-note-15-8gb-128gb-hang-chinh-hang-p279463314.html?spid=279463318,Tiki,Ngành 1795,6490000.0,0.0,Tiki,False
279418684,Điện Thoại Xiaomi Redmi 15 5G 4GB/128GB - Hàng Chính Hãng,4439000.0,0.0,0,https://tiki.vn/dien-thoai-xiaomi-redmi-15-5g-4gb-128gb-hang-chinh-hang-p279418684.html?spid=279418686,Tiki,Ngành 1795,4439000.0,0.0,Tiki,False
279418598,Điện Thoại Samsung Galaxy A07 5G 4GB/128GB - Hàng Chính Hãng,4299000.0,0.0,0,https://tiki.vn/dien-thoai-samsung-galaxy-a07-5g-4gb-128gb-hang-chinh-hang-p279418598.html?spid=279418600,Tiki,Ngành 1795,4299000.0,0.0,Tiki,False
279402741,Điện thoại Samsung Galaxy A07 5G (4GB/64GB) - Hàng chính hãng,4690000.0,0.0,0,https://tiki.vn/dien-thoai-samsung-galaxy-a07-5g-4gb-64gb-hang-chinh-hang-p279402741.html?spid=279402747,Tiki,Ngành 1795,4690000.0,0.0,Tiki,False
279389858,Điện thoại Xiaomi Redmi A7 Pro (4GB/64GB) - Hàng chính hãng,4190000.0,0.0,0,https://tiki.vn/dien-thoai-xiaomi-redmi-a7-pro-hang-chinh-hang-p279389858.html?spid=279389860,Tiki,Ngành 1795,4190000.0,0.0,Tiki,False
279280385,Điện thoại Xiaomi Redmi Note 15 Pro (8GB/256GB) - Hàng chính hãng,8990000.0,0.0,0,https://tiki.vn/dien-thoai-xiaomi-redmi-note-15-pro-8gb-256gb-hang-chinh-hang-p279280385.html?spid=279280389,Tiki,Ngành 1795,8990000.0,0.0,Tiki,False
279278848,Điện thoại Samsung Galaxy A37 5G (8GB/128GB) - Hàng chính hãng,10790000.0,0.0,0,https://tiki.vn/dien-thoai-samsung-galaxy-a37-5g-8gb-128gb-hang-chinh-hang-p279278848.html?spid=279278850,Tiki,Ngành 1795,10790000.0,0.0,Tiki,True
279277488,Điện thoại Samsung Galaxy A57 5G (8GB/128GB) - Hàng chính hãng,12490000.0,5.0,1,https://tiki.vn/dien-thoai-samsung-galaxy-a57-5g-8gb-128gb-hang-chinh-hang-p279277488.html?spid=279277490,Tiki,Ngành 1795,12490000.0,0.0,Tiki,True
279277445,Điện thoại Samsung Galaxy S26+ (12GB/512GB) - Hàng chính hãng,35990000.0,0.0,0,https://tiki.vn/dien-thoai-samsung-galaxy-s26-12gb-512gb-hang-chinh-hang-p279277445.html?spid=279277449,Tiki,Ngành 1795,35990000.0,0.0,Tiki,True
279277056,Điện thoại Samsung Galaxy S26+ (12GB/256GB) - Hàng chính hãng,29990000.0,0.0,0,https://tiki.vn/dien-thoai-samsung-galaxy-s26-12gb-256gb-hang-chinh-hang-p279277056.html?spid=279277060,Tiki,Ngành 1795,29990000.0,0.0,Tiki,True
279255062,Máy Tính Bảng Xiaomi Redmi Pad 2 Wifi 6GB/128GB - Hàng Chính Hãng,6129000.0,0.0,0,https://tiki.vn/may-tinh-bang-xiaomi-redmi-pad-2-wifi-6gb-128gb-hang-chinh-hang-p279255062.html?spid=279255066,Tiki,Ngành 1795,6129000.0,0.0,Tiki,False
279254739,Điện Thoại Xiaomi Redmi 15 5G 8GB/256GB - Hàng Chính Hãng,6279000.0,5.0,2,https://tiki.vn/dien-thoai-xiaomi-redmi-15-5g-8gb-256gb-hang-chinh-hang-p279254739.html?spid=279254741,Tiki,Ngành 1795,6279000.0,0.0,Tiki,False
279247627,Điện thoại Xiaomi Redmi 15 5G (4GB/128GB) - Hàng chính hãng,5690000.0,0.0,0,https://tiki.vn/dien-thoai-xiaomi-redmi-15-5g-4gb-128gb-hang-chinh-hang-p279247627.html?spid=279247629,Tiki,Ngành 1795,5690000.0,0.0,Tiki,False
279212199,Điện thoại Samsung Galaxy A17 5G (4GB/128GB) - Hàng chính hãng,6190000.0,0.0,0,https://tiki.vn/dien-thoai-samsung-galaxy-a17-5g-4gb-128gb-hang-chinh-hang-p279212199.html?spid=279212205,Tiki,Ngành 1795,6190000.0,0.0,Tiki,False
279211779,Điện thoại Samsung Galaxy A07 5G (4GB/128GB) - Hàng chính hãng,5090000.0,0.0,0,https://tiki.vn/dien-thoai-samsung-galaxy-a07-5g-4gb-128gb-hang-chinh-hang-p279211779.html?spid=279211783,Tiki,Ngành 1795,5090000.0,0.0,Tiki,False
279174132,Máy Tính Bảng Samsung Galaxy Tab A11 Wifi 4GB/64GB - Hàng Chính Hãng,3499000.0,0.0,0,https://tiki.vn/may-tinh-bang-samsung-galaxy-tab-a11-wifi-4gb-64gb-hang-chinh-hang-p279174132.html?spid=279174134,Tiki,Ngành 1794,3499000.0,0.0,Tiki,False
279076946,Điện Thoại Xiaomi Redmi Note 15 6GB/128GB - Hàng Chính Hãng,5069000.0,0.0,0,https://tiki.vn/dien-thoai-xiaomi-redmi-note-15-6gb-128gb-hang-chinh-hang-p279076946.html?spid=279076952,Tiki,Ngành 1795,5069000.0,0.0,Tiki,False
279076844,Điện Thoại Xiaomi Redmi Note 15 5G 6GB/128GB - Hàng Chính Hãng,7490000.0,5.0,1,https://tiki.vn/dien-thoai-xiaomi-redmi-note-15-5g-6gb-128gb-hang-chinh-hang-p279076844.html?spid=279076846,Tiki,Ngành 1795,7490000.0,0.0,Tiki,False
279076808,Điện Thoại Xiaomi Redmi Note 15 Pro 12GB/256GB - Hàng Chính Hãng,8299000.0,0.0,0,https://tiki.vn/dien-thoai-xiaomi-redmi-note-15-pro-12gb-256gb-hang-chinh-hang-p279076808.html?spid=279076812,Tiki,Ngành 1795,8299000.0,0.0,Tiki,False
279076001,Điện Thoại Oppo A6t 6GB/256GB - Hàng Chính Hãng,7389000.0,0.0,0,https://tiki.vn/dien-thoai-oppo-a6t-6gb-256gb-hang-chinh-hang-p279076001.html?spid=279076005,Tiki,Ngành 1795,7389000.0,0.0,Tiki,False
279075921,Điện Thoại Oppo A6t 4GB/128GB - Hàng Chính Hãng,5349000.0,0.0,0,https://tiki.vn/dien-thoai-oppo-a6t-4gb-128gb-hang-chinh-hang-p279075921.html?spid=279075925,Tiki,Ngành 1795,5349000.0,0.0,Tiki,False
278834233,Điện Thoại Xiaomi Redmi Note 14 8GB/256GB - Hàng Chính Hãng,5979000.0,0.0,0,https://tiki.vn/dien-thoai-xiaomi-redmi-note-14-8gb-256gb-hang-chinh-hang-p278834233.html?spid=278834239,Tiki,Ngành 1795,5979000.0,0.0,Tiki,False
278672823,Điện thoại Samsung Galaxy A17 LTE (8GB/128GB) - Hàng chính hãng,6190000.0,0.0,0,https://tiki.vn/dien-thoai-samsung-galaxy-a17-lte-8gb-128gb-hang-chinh-hang-p278672823.html?spid=278672827,Tiki,Ngành 1795,6190000.0,0.0,Tiki,False
278592429,Điện thoại Samsung Galaxy A07 LTE (6GB/128GB) - Hàng chính hãng,4490000.0,0.0,0,https://tiki.vn/dien-thoai-samsung-galaxy-a07-lte-6gb-128gb-hang-chinh-hang-p278592429.html?spid=278592431,Tiki,Ngành 1795,4490000.0,0.0,Tiki,False
278592403,Điện thoại Samsung Galaxy A07 LTE (4GB/64GB) - Hàng chính hãng,3890000.0,0.0,0,https://tiki.vn/dien-thoai-samsung-galaxy-a07-lte-4gb-64gb-hang-chinh-hang-p278592403.html?spid=278592405,Tiki,Ngành 1795,3890000.0,0.0,Tiki,False
278591094,Điện thoại Samsung Galaxy A07 LTE (4GB/128GB) - Hàng chính hãng,4190000.0,0.0,0,https://tiki.vn/dien-thoai-samsung-galaxy-a07-lte-4gb-128gb-hang-chinh-hang-p278591094.html?spid=278591100,Tiki,Ngành 1795,4190000.0,0.0,Tiki,False
277811118,Điện Thoại Xiaomi Redmi Note 14 5G 8GB/256GB - Hàng Chính Hãng,6199000.0,0.0,1,https://tiki.vn/dien-thoai-xiaomi-redmi-note-14-5g-8gb-256gb-hang-chinh-hang-p277811118.html?spid=277811124,Tiki,Ngành 1795,6199000.0,0.0,Tiki,False
277737595,Điện Thoại Samsung Galaxy A06 5G 4GB/128GB - Hàng Chính Hãng,3799000.0,4.8,17,https://tiki.vn/dien-thoai-samsung-a06-5g-4gb-128gb-hang-chinh-hang-p277737595.html?spid=277737599,Tiki,Ngành 1795,3799000.0,0.0,Tiki,False
277651890,Điện thoại Samsung Galaxy A06 5G (4GB/128GB) - Hàng chính hãng,4490000.0,0.0,0,https://tiki.vn/dien-thoai-samsung-galaxy-a06-5g-4gb-128gb-hang-chinh-hang-p277651890.html?spid=277651926,Tiki,Ngành 1795,4490000.0,0.0,Tiki,False
277175955,Điện Thoại Xiaomi Redmi A3 3GB/64GB - Hàng Chính Hãng,2690000.0,0.0,9,https://tiki.vn/dien-thoai-xiaomi-redmi-a3-3gb-64gb-hang-chinh-hang-p277175955.html?spid=277175957,Tiki,Ngành 1795,2690000.0,0.0,Tiki,False
276451993,"Máy đọc sách Basic 2024 màn hình 6 inch, độ phân giải 300ppi, dung Lượng 16GB, cổng sạc type C - HÀNG CHÍNH HÃNG",3790000.0,0.0,6,https://tiki.vn/may-doc-sach-basic-2024-man-hinh-6-inch-do-phan-giai-300ppi-dung-luong-16gb-cong-sac-type-c-p276451993.html?spid=276452015,Tiki,Ngành 28856,3790000.0,0.0,Tiki,False
275386649,Điện Thoại Nokia 3210 4G - Hàng Chính Hãng,1549000.0,5.0,5,https://tiki.vn/dien-thoai-nokia-3210-4g-hang-chinh-hang-p275386649.html?spid=275386651,Tiki,Ngành 1795,1549000.0,0.0,Tiki,False
274375122,Điện thoại Xiaomi Redmi Note 13 Pro 4G (8GB/128GB) - Hàng chính hãng,7290000.0,0.0,0,https://tiki.vn/dien-thoai-xiaomi-redmi-note-13-pro-4g-8gb-128gb-hang-chinh-hang-p274375122.html?spid=274375124,Tiki,Ngành 1795,7290000.0,0.0,Tiki,False
271530789,Combo Máy đọc sách All New Kindle Paperwhite 6 - Hàng chính hãng,4790000.0,4.7,17,https://tiki.vn/combo-may-doc-sach-all-new-kindle-paperwhite-5-11th-kids-edittion-khong-quang-cao-va-bao-da-hang-chinh-hang-p271530789.html?spid=276464092,Tiki,Ngành 28856,4790000.0,0.0,Tiki,False
270794184,"Máy đọc sách Kobo Clara (Clara Colour, Clara BW, Clara 2e, Clara HD) - 6inch, 16gb - Hàng Chính Hãng",5390000.0,5.0,9,https://tiki.vn/may-doc-sach-kobo-clara-hang-chinh-hang-p270794184.html?spid=275380047,Tiki,Ngành 28856,5390000.0,0.0,Tiki,False
193366048,Điện thoại OnePlus 10T 5G - Hàng Chính Hãng,15990000.0,0.0,0,https://tiki.vn/dien-thoai-oneplus-10t-5g-hang-chinh-hang-p193366048.html?spid=193366050,Tiki,Ngành 1795,15990000.0,0.0,Tiki,True
172537996,"(Hàng chính hãng) Điện thoại bàn hữu tuyến H2P, hiệu Alcatel - Lucent",2220000.0,0.0,0,https://tiki.vn/dien-thoai-ban-huu-tuyen-h2p-hieu-alcatel-lucent-p172537996.html?spid=172537997,Tiki,Ngành 8061,2220000.0,0.0,Tiki,False
139632023,Máy đọc sách Kobo Libra 2 - hàng nhập khẩu,8290000.0,5.0,209,https://tiki.vn/may-doc-sach-kobo-libra-libra-colour-libra-2-hang-nhap-khau-p139632023.html?spid=275176272,Tiki,Ngành 28856,8290000.0,0.0,Tiki,False
94453667,Điện thoại VoIP Yealink SIP-T30,1050000.0,0.0,0,https://tiki.vn/dien-thoai-voip-yealink-sip-t30-p94453667.html?spid=94453668,Tiki,Ngành 8061,1050000.0,0.0,Tiki,False
29440849,điện thoại  IP622C - hàng chính hãng,1650000.0,0.0,0,https://tiki.vn/dien-thoai-ip622c-hang-chinh-hang-p29440849.html?spid=29440850,Tiki,Ngành 8061,1650000.0,0.0,Tiki,False
