ma_san_pham,ten_san_pham,gia,danh_gia,luot_ban,url,nen_tang,nganh_hang,da_kiem_tra_gia_ao
279325148,Bút bi Claro ARROW 0.5mm Mực Xanh (Giao Màu Ngẫu Nhiên),3750.0,0.0,499,https://tiki.vn/but-bi-claro-arrow-0-5mm-muc-xanh-p279325148.html?spid=279325149,Tiki,Sách tiếng Việt,False
279218500,Ship of Theseus - NXB Trẻ,46000.0,5.0,308,https://tiki.vn/ship-of-theseus-01-nxb-tre-p279218500.html?spid=279533768,Tiki,Truyện tranh/Manga,False
279157961,Sách Hikaru - Kì Thủ Cờ Vây - Ultimate Edition ( Chọn Tập),72200.0,5.0,400,https://tiki.vn/hikaru-ki-thu-co-vay-ultimate-edition-tap-1-p279157961.html?spid=279277884,Tiki,Truyện tranh/Manga,False
279112904,Thám Tử Lừng Danh Conan - Tập 107,23750.0,5.0,269,https://tiki.vn/tham-tu-lung-danh-conan-tap-107-p279112904.html?spid=279112916,Tiki,Truyện tranh/Manga,False
278997061,Sách Tô Màu Phát Triển Trí Não Bộ Cho Bé 1-5 Tuổi - [Từ Tập 11 - Tập 20] - Chọn Tập Lẻ,10971.0,5.0,199,https://tiki.vn/sach-to-mau-phat-trien-tri-nao-bo-cho-be-1-5-tuoi-tu-tap-11-tap-20-chon-tap-le-p278997061.html?spid=278997091,Tiki,Sách ngoại văn,False
278968251,Hàng Xóm Của Tôi TOTORO (Truyện tranh màu) - [Chọn Tập Lẻ,71250.0,5.0,171,https://tiki.vn/hang-xom-cua-toi-totoro-truyen-tranh-mau-chon-tap-le-p278968251.html?spid=279180521,Tiki,Truyện tranh/Manga,False
278967562,Monster - Deluxe Edition –  [Chọn Tập Lẻ,118750.0,5.0,496,https://tiki.vn/monster-deluxe-edition-chon-tap-le-p278967562.html?spid=279445409,Tiki,Truyện tranh/Manga,False
278879928,Sách Nếu Như Không Thể Nói Nếu Như & Có Ai Giữ Giùm Những Lãng Quên & Thức Dậy Anh Vẫn Là Mơ - Tái Bản 2025,79350.0,5.0,315,https://tiki.vn/sach-neu-nhu-khong-the-noi-neu-nhu-co-ai-giu-gium-nhung-lang-quen-thuc-day-anh-van-la-mo-tai-ban-2025-p278879928.html?spid=278879978,Tiki,Sách ngoại văn,False
278856619,Sách Cô Bé Hàng Xóm Và Bốn Viên Kẹo (Nguyễn Nhật Ánh) - 2 phiên bản & quà tặng kèm,86000.0,5.0,883,https://tiki.vn/sach-co-be-hang-xom-va-bon-vien-keo-p278856619.html?spid=278856627,Tiki,Sách ngoại văn,False
278790552,Bộ Truyện One Piece [Chọn Tập Lẻ,22800.0,5.0,346,https://tiki.vn/bo-truyen-one-piece-chon-tap-le-p278790552.html?spid=278790687,Tiki,Truyện tranh/Manga,False
278785576,Sách Dragon Ball - 7 Viên Ngọc Rồng [Chọn Tập Lẻ] - Tập 1,28500.0,4.8,404,https://tiki.vn/sach-dragon-ball-7-vien-ngoc-rong-chon-tap-le-p278785576.html?spid=92281,Tiki,Truyện tranh/Manga,False
278777861,Bộ Sách Quiz! Khoa Học Kì Thú [Chọn Tập Lẻ,55200.0,5.0,987,https://tiki.vn/bo-sach-quiz-khoa-hoc-ki-thu-p278777861.html?spid=278826444,Tiki,Vitamin & Thực phẩm bổ sung,False
278777851,Sách Ma Đạo Tổ Sư - Tái Bản,132300.0,5.0,170,https://tiki.vn/sach-ma-dao-to-su-tai-ban-2025-p278777851.html?spid=278777816,Tiki,Sách thiếu nhi,False
278715265,Sách Hà Thanh Hải Yến - Ngang Qua Ngõ Nhỏ Bình An,143700.0,5.0,73,https://tiki.vn/sach-ha-thanh-hai-yen-ngang-qua-ngo-nho-binh-an-p278715265.html?spid=278715267,Tiki,Sách ngoại văn,False
278710197,Rắc Rối Đáng Yêu - Love☆Com,45000.0,5.0,235,https://tiki.vn/rac-roi-dang-yeu-love-com-p278710197.html?spid=279394160,Tiki,Truyện tranh/Manga,False
278706881,Itto - Sóng Gió Cầu Trường - [Tái Bản 2025,23750.0,5.0,225,https://tiki.vn/itto-song-gio-cau-truong-tai-ban-2025-p278706881.html?spid=278706948,Tiki,Truyện tranh/Manga,False
278523761,Siêu Quậy Teppei Tập 1 – Tập 31,22500.0,5.0,310,https://tiki.vn/sieu-quay-teppei-tap-1-tap-31-p278523761.html?spid=278523776,Tiki,Truyện tranh/Manga,False
278496130,Thanh Gươm Diệt Quỷ,28500.0,5.0,4525,https://tiki.vn/thanh-guom-diet-quy-tap-1-tan-khoc-p278496130.html?spid=48035298,Tiki,Truyện tranh/Manga,False
278463126,Komi - Nữ Thần Sợ Giao Tiếp ( Chọn Tập Lẻ),27000.0,4.8,975,https://tiki.vn/komi-nu-than-so-giao-tiep-chon-tap-le-p278463126.html?spid=144779881,Tiki,Truyện tranh/Manga,False
278275166,Hoa Thơm Kiêu Hãnh (Chọn tập lẻ),49900.0,5.0,727,https://tiki.vn/hoa-thom-kieu-hanh-p278275166.html?spid=279296167,Tiki,Truyện tranh/Manga,False
277962612,Sách Thiên Quan Tứ Phúc,107600.0,4.8,490,https://tiki.vn/sach-thien-quan-tu-phuc-p277962612.html?spid=277962709,Tiki,Sách thiếu nhi,False
277591013,Bộ Truyện - Itto - Cơn lốc sân cỏ,166250.0,5.0,205,https://tiki.vn/bo-truyen-itto-con-loc-san-co-p277591013.html?spid=277591041,Tiki,Truyện tranh/Manga,False
277228103,Sách Husky Và Sư Tôn Mèo Trắng Của Hắn,112800.0,5.0,282,https://tiki.vn/sach-husky-va-su-ton-meo-trang-cua-han-p277228103.html?spid=278093885,Tiki,Sách thiếu nhi,False
276933744,Combo Giáo Trình Chuẩn HSK 1 - Sách Bài Học và Bài tập (Bộ 2 cuốn),296000.0,4.7,868,https://tiki.vn/combo-giao-trinh-chuan-hsk-1-sach-bai-hoc-va-bai-tap-bo-2-cuon-p276933744.html?spid=276949257,Tiki,Sách ngoại văn,True
276659602,Series các tập Claymore,35000.0,5.0,864,https://tiki.vn/claymore-01-sat-thu-mat-bac-p276659602.html?spid=277815806,Tiki,Truyện tranh/Manga,False
276657645,Sách Hệ Thống Tự Cứu Của Nhân Vật Phản Diện (Tái bản),109800.0,4.6,163,https://tiki.vn/sach-he-thong-tu-cuu-cua-nhan-vat-phan-dien-tai-ban-p276657645.html?spid=276657705,Tiki,Sách thiếu nhi,False
274363543,Sách Con Đường Chẳng Mấy Ai Đi,115000.0,5.0,6349,https://tiki.vn/sach-con-duong-chang-may-ai-di-p274363543.html?spid=274363544,Tiki,Tô màu - Luyện chữ,False
273819808,Sách Tâm Lý Học Về Tiền,143400.0,4.8,28885,https://tiki.vn/sach-tam-ly-hoc-ve-tien-p273819808.html?spid=75953558,Tiki,Sách ngoại văn,False
272188850,Soul Eater,86000.0,5.0,308,https://tiki.vn/soul-eater-p272188850.html?spid=274972079,Tiki,Truyện tranh/Manga,False
262664014,Combo Doraemon Truyện Ngắn,222300.0,5.0,476,https://tiki.vn/combo-doraemon-truyen-ngan-p262664014.html?spid=262664018,Tiki,Truyện tranh/Manga,False
249876840,"Sách Beartown - Thị trấn nhỏ, giấc mơ lớn",172000.0,5.0,2279,https://tiki.vn/sach-beartown-thi-tran-nho-giac-mo-lon-p249876840.html?spid=249876841,Tiki,Sách ngoại văn,False
202879294,Sách Người Đàn Ông Mang Tên Ove (Tái Bản 2022),128000.0,5.0,6739,https://tiki.vn/sach-nguoi-dan-ong-mang-ten-ove-tai-ban-2022-p202879294.html?spid=202879295,Tiki,Sách ngoại văn,False
190335975,Combo 2 cuốn Truyện Dành Cho Thiếu Nhi : Tuổi Thơ Dữ Dội - Tập 1 + 2 (Tái Bản),120000.0,5.0,1818,https://tiki.vn/combo-2-cuon-truyen-danh-cho-thieu-nhi-tuoi-tho-du-doi-tap-1-2-tai-ban-p190335975.html?spid=273817532,Tiki,Máy massage,False
165030729,Sách Những Kẻ Âu Lo,149000.0,5.0,2308,https://tiki.vn/sach-nhung-ke-au-lo-p165030729.html?spid=165030730,Tiki,Sách ngoại văn,False
115078652,Sách Huấn Luyện Cảm Xúc Để Con Trẻ Phát Triển Toàn Diện,142560.0,5.0,1186,https://tiki.vn/sach-huan-luyen-cam-xuc-de-con-tre-phat-trien-toan-dien-p115078652.html?spid=115078654,Tiki,Tô màu - Luyện chữ,False
91947689,Sách 7 Thói Quen Hiệu Quả (The 7 Habits Of Highly Effective People) - Stephen R. Covey - PACE Books,169200.0,5.0,9903,https://tiki.vn/sach-7-thoi-quen-hieu-qua-the-7-habits-of-highly-effective-people-stephen-r-covey-pace-books-p91947689.html?spid=91947690,Tiki,Tô màu - Luyện chữ,False
13920941,Combo Doraemon - Truyện Dài (Trọn Bộ 24 Cuốn) - Tái Bản,529200.0,5.0,4942,https://tiki.vn/combo-doraemon-truyen-dai-tron-bo-24-cuon-tai-ban-p13920941.html?spid=13920942,Tiki,Truyện tranh/Manga,True
2987219,Sách Giáo Trình Chuẩn YCT 1 (Kèm file MP3),115000.0,4.8,2996,https://tiki.vn/sach-giao-trinh-chuan-yct-1-kem-file-mp3-p2987219.html?spid=2987563,Tiki,Sách ngoại văn,False
1080002,Sách Boxset Harry Potter - Tiếng Việt (Trọn Bộ 7 Tập),1473000.0,4.7,10882,https://tiki.vn/sach-boxset-harry-potter-tieng-viet-tron-bo-7-tap-p1080002.html?spid=1080024,Tiki,Sách ngoại văn,True
540039,Sách Giáo Trình Chuẩn HSK 1 - Bài Học (Kèm file MP3),165000.0,4.8,8593,https://tiki.vn/sach-giao-trinh-chuan-hsk-1-bai-hoc-kem-file-mp3-p540039.html?spid=262528,Tiki,Sách ngoại văn,False
279394165,Thám tử thừa kế,50000.0,0.0,96,https://tiki.vn/tham-tu-thua-ke-p279394165.html?spid=279493247,Tiki,Truyện tranh/Manga,False
279374424,Sách Chú Thuật Hồi Chiến - Tập 27,28500.0,5.0,38,https://tiki.vn/chu-thuat-hoi-chien-tap-27-p279374424.html?spid=279375119,Tiki,Truyện tranh/Manga,False
279313607,Bộ Sách Tô Màu 6 Cuốn Họa Sĩ Nhí Vẽ Thế Giới,15000.0,0.0,0,https://tiki.vn/bo-sach-to-mau-6-cuon-hoa-si-nhi-ve-the-gioi-p279313607.html?spid=279313712,Tiki,Vitamin & Thực phẩm bổ sung,False
279292568,Song Mệnh Cõi Hoàng Tuyền,31500.0,4.8,134,https://tiki.vn/song-menh-coi-hoang-tuyen-p279292568.html?spid=279580424,Tiki,Truyện tranh/Manga,False
279236031,"Điệu múa chim công, có ai thấy không",52000.0,5.0,120,https://tiki.vn/dieu-mua-chim-cong-co-ai-thay-khong-p279236031.html?spid=279236035,Tiki,Truyện tranh/Manga,False
279235202,Sách Khúc Hát Đêm Thâu [Chọn Tập,31500.0,4.2,251,https://tiki.vn/sach-khuc-hat-dem-thau-chon-tap-p279235202.html?spid=279558959,Tiki,Truyện tranh/Manga,False
278788044,Sách BEASTARS [Chọn Tập Lẻ,28350.0,5.0,285,https://tiki.vn/sach-beastars-chon-tap-le-p278788044.html?spid=279409079,Tiki,Truyện tranh/Manga,False
278756674,Sách Nisekoi - Cặp Đôi Giả Tạo,36000.0,5.0,258,https://tiki.vn/sach-nisekoi-cap-doi-gia-tao-p278756674.html?spid=279558986,Tiki,Truyện tranh/Manga,False
278749523,Ngũ Hành Của Tôi Thiếu Em,131200.0,5.0,243,https://tiki.vn/ngu-hanh-cua-toi-thieu-em-p278749523.html?spid=278749686,Tiki,Sách thiếu nhi,False
278729052,Doraemon Movie Story Màu - Phiên Bản Mới: Nobita Và Binh Đoàn Người Sắt - Đôi Cánh Thiên Thần,34300.0,5.0,44,https://tiki.vn/doraemon-movie-story-mau-phien-ban-moi-nobita-va-binh-doan-nguoi-sat-doi-canh-thien-than-p278729052.html?spid=278729053,Tiki,Truyện tranh/Manga,False
278684154,Nữ Binh Thần Tốc,41800.0,5.0,242,https://tiki.vn/nu-binh-than-toc-p278684154.html?spid=278863077,Tiki,Truyện tranh/Manga,False
278423155,"Sách Hồi Ức, Giấc Mơ, Suy Ngẫm - Hành Trình Vào Nội Tâm Của Carl Jung – Nơi Ký Ức, Giấc Mơ Và Triết Lý Giao Thoa",229200.0,5.0,1606,https://tiki.vn/sach-hoi-uc-giac-mo-suy-ngam-hanh-trinh-vao-noi-tam-cua-carl-jung-noi-ky-uc-giac-mo-va-triet-ly-giao-thoa-p278423155.html?spid=278423156,Tiki,Sách ngoại văn,False
278123405,Sobotei Dinh Thự Ma Ám (Chọn tập lẻ),42000.0,5.0,597,https://tiki.vn/sobotei-dinh-thu-ma-am-p278123405.html?spid=279577166,Tiki,Truyện tranh/Manga,False
277397107,Sách Phía Đông Vườn Địa Đàng,279000.0,4.5,645,https://tiki.vn/sach-phia-dong-vuon-dia-dang-p277397107.html?spid=277397109,Tiki,Sách ngoại văn,False
276948798,"Sách Lên Đỉnh Núi Mở Tiệm Bánh Mì - Triết lí Wazawaza: Những con người hạnh phúc, 2 loại bánh mì, và doanh thu thường niên 300 triệu Yên",108000.0,4.8,2814,https://tiki.vn/sach-len-dinh-nui-mo-tiem-banh-mi-triet-li-wazawaza-nhung-con-nguoi-hanh-phuc-2-loai-banh-mi-va-doanh-thu-thuong-nien-300-trieu-yen-p276948798.html?spid=276948799,Tiki,Sách ngoại văn,False
276933755,Combo Giáo Trình Chuẩn HSK 4 Tập 1 - Sách Bài Học và Bài tập (Bộ 2 cuốn),311000.0,5.0,865,https://tiki.vn/combo-giao-trinh-chuan-hsk-4-tap-1-sach-bai-hoc-va-bai-tap-bo-2-cuon-p276933755.html?spid=276949260,Tiki,Sách ngoại văn,True
276933752,Combo Giáo Trình Chuẩn HSK 3 - Sách Bài Học và Bài tập (Bộ 2 cuốn),395000.0,5.0,862,https://tiki.vn/combo-giao-trinh-chuan-hsk-3-sach-bai-hoc-va-bai-tap-bo-2-cuon-p276933752.html?spid=276949259,Tiki,Sách ngoại văn,True
276883579,Sống Sáng - Phan Việt - Sáng Books,200000.0,5.0,1246,https://tiki.vn/song-sang-dong-sach-sang-phan-viet-sang-books-p276883579.html?spid=276886802,Tiki,Tô màu - Luyện chữ,False
276425570,Thám Tử Lừng Danh Conan (Bản Nâng Cấp) - [Chọn Tập Lẻ,32300.0,5.0,312,https://tiki.vn/tham-tu-lung-danh-conan-ban-nang-cap-p276425570.html?spid=276428296,Tiki,Truyện tranh/Manga,False
276078455,Series các tập Gachiakuta,39800.0,5.0,397,https://tiki.vn/series-cac-tap-gachiakuta-p276078455.html?spid=276424324,Tiki,Truyện tranh/Manga,False
276019606,Sách Không Gia Đình (Tái Bản),120000.0,5.0,502,https://tiki.vn/sach-khong-gia-dinh-tai-ban-p276019606.html?spid=278938671,Tiki,Sách ngoại văn,False
273746688,Sách Địa Cầu Online,129400.0,4.8,91,https://tiki.vn/sach-dia-cau-online-p273746688.html?spid=273204606,Tiki,Sách thiếu nhi,False
273691914,Sách Trăm năm cô đơn,176250.0,4.7,520,https://tiki.vn/sach-tram-nam-co-don-p273691914.html?spid=273691915,Tiki,Sách ngoại văn,False
272447731,Sách Xông vào lối âm dương,109900.0,5.0,211,https://tiki.vn/sach-xong-vao-loi-am-duong-p272447731.html?spid=262806375,Tiki,Sách thiếu nhi,False
263035841,Sách Vòng Quanh Thế Giới,9440.0,4.8,694,https://tiki.vn/sach-vong-quanh-the-gioi-p263035841.html?spid=277926130,Tiki,Vitamin & Thực phẩm bổ sung,False
194960730,Sách Nỗi buồn chiến tranh,99000.0,5.0,4726,https://tiki.vn/sach-noi-buon-chien-tranh-p194960730.html?spid=194960731,Tiki,Sách ngoại văn,False
192909292,Sách Án Mạng Trên Chuyến Tàu Tốc Hành Phương Đông,98000.0,5.0,978,https://tiki.vn/sach-an-mang-tren-chuyen-tau-toc-hanh-phuong-dong-p192909292.html?spid=192909295,Tiki,Chăm sóc da,False
176831144,Combo 23 Tập Thanh Gươm Diệt Quỷ (Tập 1-23),662400.0,5.0,342,https://tiki.vn/combo-23-tap-thanh-guom-diet-quy-tap-1-23-p176831144.html?spid=176831145,Tiki,Truyện tranh/Manga,True
170708233,Sách Thay Đổi Tí Hon - Hiệu Quả Bất Ngờ Atomic Habits (Tái Bản Lần 4),142000.0,4.8,12328,https://tiki.vn/sach-thay-doi-ti-hon-hieu-qua-bat-ngo-atomic-habits-tai-ban-lan-4-p170708233.html?spid=170708234,Tiki,Tô màu - Luyện chữ,False
140416370,Sách Flow - Dòng Chảy,175560.0,5.0,9389,https://tiki.vn/sach-flow-dong-chay-p140416370.html?spid=140416372,Tiki,Sách ngoại văn,False
109017985,"Sách Thiên Tài Bên Trái, Kẻ Điên Bên Phải (Tái Bản)",128880.0,4.8,27264,https://tiki.vn/sach-thien-tai-ben-trai-ke-dien-ben-phai-tai-ban-p109017985.html?spid=109017987,Tiki,Sách ngoại văn,False
95289208,Sách Người Bà Tài Giỏi Vùng Saga,96000.0,5.0,5582,https://tiki.vn/sach-nguoi-ba-tai-gioi-vung-saga-p95289208.html?spid=95289212,Tiki,Sách ngoại văn,False
76013378,Sách Storytelling With Data - Kể Chuyện Thông Qua Dữ Liệu (Cuốn Cẩm Nang Hướng Dẫn Trực Quan Hóa Dữ Liệu),219300.0,5.0,12890,https://tiki.vn/sach-storytelling-with-data-ke-chuyen-thong-qua-du-lieu-cuon-cam-nang-huong-dan-truc-quan-hoa-du-lieu-p76013378.html?spid=76013379,Tiki,Mỹ phẩm,False
59511811,Sách Dấu Chân Trên Cát - Nguyên Phong (Tái Bản 2020),111000.0,4.8,5512,https://tiki.vn/sach-dau-chan-tren-cat-nguyen-phong-tai-ban-2020-p59511811.html?spid=59511812,Tiki,Sách ngoại văn,False
56609155,Sách Trường Ca Achilles (Quà Tặng Kèm: 01 Bookmark + 01 Phụ Lục),124800.0,5.0,4228,https://tiki.vn/sach-truong-ca-achilles-qua-tang-kem-01-bookmark-01-phu-luc-p56609155.html?spid=56609156,Tiki,Sách ngoại văn,False
52789367,Sách Nhà Giả Kim (Tái Bản),78000.0,5.0,40465,https://tiki.vn/sach-nha-gia-kim-tai-ban-2020-p52789367.html?spid=52789368,Tiki,Sách ngoại văn,False
17493916,Sách Luyện Nói Tiếng Trung Quốc Cấp Tốc Cho Người Bắt Đầu - Tập 1 (Kèm file MP3) (Tái Bản),140000.0,5.0,1030,https://tiki.vn/sach-luyen-noi-tieng-trung-quoc-cap-toc-cho-nguoi-bat-dau-tap-1-kem-file-mp3-tai-ban-p17493916.html?spid=17493917,Tiki,Sách ngoại văn,False
7953305,"Combo Tổng Hợp Chuyên Đề Trọng Tâm Thi Vào 10 Chuyên
Và Học Sinh Giỏi Toán 9",234000.0,4.8,2078,https://tiki.vn/combo-tong-hop-chuyen-de-trong-tam-thi-vao-10-chuyen-va-hoc-sinh-gioi-toan-9-p7953305.html?spid=7953306,Tiki,Sách ngoại văn,False
7833728,Sách Dạy Con Làm Giàu (Tập 1) - Để Không Có Tiền Vẫn Tạo Ra Tiền - Cha Giàu Cha Nghèo (Tái Bản),63000.0,4.8,38578,https://tiki.vn/sach-day-con-lam-giau-tap-1-de-khong-co-tien-van-tao-ra-tien-cha-giau-cha-ngheo-tai-ban-p7833728.html?spid=7833729,Tiki,Sách ngoại văn,False
4780917,Sách Người Đua Diều (Tái Bản 2018),99330.0,4.8,23228,https://tiki.vn/sach-nguoi-dua-dieu-tai-ban-2018-p4780917.html?spid=4781791,Tiki,Sách ngoại văn,False
279437167,"Sách Hẹn Gặp Lại, Quốc Vương Của Tôi - Tập 7",137830.0,4.5,52,https://tiki.vn/sach-hen-gap-lai-quoc-vuong-cua-toi-tap-7-p279437167.html?spid=279437172,Tiki,Sách ngoại văn,False
279414086,Sách Viết Cũng Là Học - Writing to learn,135200.0,5.0,105,https://tiki.vn/sach-viet-cung-la-hoc-writing-to-learn-p279414086.html?spid=279414087,Tiki,Tô màu - Luyện chữ,False
279321804,Sách Chờ Ngày Bình Yên,89250.0,4.5,64,https://tiki.vn/sach-cho-ngay-binh-yen-p279321804.html?spid=279321805,Tiki,Sách ngoại văn,False
278966679,Sách - Phương Pháp Đặt Câu Hỏi Của Socrates - Khai Mở Tư Duy Phản Biện Và Hiểu Biết Sâu Sắc,93500.0,4.6,400,https://tiki.vn/sach-phuong-phap-dat-cau-hoi-cua-socrates-khai-mo-tu-duy-phan-bien-va-hieu-biet-sau-sac-p278966679.html?spid=278966681,Tiki,Tô màu - Luyện chữ,False
278949619,Quý tộc nhà nông,61000.0,5.0,182,https://tiki.vn/quy-toc-nha-nong-01-tang-kem-the-bai-quy-toc-p278949619.html?spid=278949622,Tiki,Truyện tranh/Manga,False
278892527,Sách Tokyo Aliens - [Chọn Tập Lẻ,37900.0,4.5,181,https://tiki.vn/sach-tokyo-aliens-chon-tap-le-p278892527.html?spid=279059329,Tiki,Truyện tranh/Manga,False
278860289,Sách Nguyễn Nhật Ánh - Cô Bé Hàng Xóm Và Bốn Viên Kẹo - Bìa Cứng - Tặng Kèm Random 1 Trong 4 Mẫu Bookmark + Sticker + Sổ Vẽ,184000.0,5.0,222,https://tiki.vn/sach-co-be-hang-xom-va-bon-vien-keo-bia-cung-tang-kem-random-1-trong-4-mau-bookmark-sticker-so-ve-p278860289.html?spid=278860290,Tiki,Sách ngoại văn,False
278838097,Sách Tính Bản Ác (M. Scott Peck) - Tuệ Tri,133000.0,4.7,518,https://tiki.vn/sach-tinh-ban-ac-p278838097.html?spid=278838098,Tiki,Tô màu - Luyện chữ,False
278724728,Sách Giải Mã Tâm Lý Hành Vi Về Tiền,156400.0,4.8,865,https://tiki.vn/sach-giai-ma-tam-ly-hanh-vi-ve-tien-p278724728.html?spid=278724729,Tiki,Sách ngoại văn,False
278572376,Combo Perman - Cậu Bé Siêu Nhân,166250.0,5.0,186,https://tiki.vn/combo-perman-cau-be-sieu-nhan-p278572376.html?spid=278572844,Tiki,Truyện tranh/Manga,False
277827033,Sách Lần Đầu Làm Mẹ - Tổng Hợp Những Kiến Thức Mới Nhất Về Mang Thai Và Sinh Nở,216700.0,4.8,268,https://tiki.vn/sach-lan-dau-lam-me-tong-hop-nhung-kien-thuc-moi-nhat-ve-mang-thai-va-sinh-no-p277827033.html?spid=277827036,Tiki,Sách ngoại văn,False
277728224,"Sách Nói Chuyện Là Bản Năng, Giữ Miệng Là Tu Dưỡng, Im Lặng Là Trí Tuệ",119100.0,4.8,7980,https://tiki.vn/sach-noi-chuyen-la-ban-nang-giu-mieng-la-tu-duong-im-lang-la-tri-tue-p277728224.html?spid=212356653,Tiki,Sách ngoại văn,False
277622005,Sách Boxset Cá Voi Đêm Bão Và Những Câu Chuyện Khác (5 Cuốn),195000.0,5.0,162,https://tiki.vn/sach-boxset-ca-voi-dem-bao-va-nhung-cau-chuyen-khac-5-cuon-p277622005.html?spid=277622008,Tiki,Sách ngoại văn,False
277599506,Sách Đôi mắt của Mona,260260.0,4.7,518,https://tiki.vn/sach-doi-mat-cua-mona-p277599506.html?spid=277599509,Tiki,Sách ngoại văn,False
276960030,Sách Khi Mọi Điều Không Như Ý,83930.0,5.0,3024,https://tiki.vn/sach-khi-moi-dieu-khong-nhu-y-p276960030.html?spid=276960033,Tiki,Sách ngoại văn,False
276944781,Sách Công Cụ Của Những Người Khổng Lồ,310000.0,5.0,200,https://tiki.vn/sach-cong-cu-cua-nhung-nguoi-khong-lo-p276944781.html?spid=277347896,Tiki,Sách ngoại văn,True
276933759,Combo Giáo Trình Chuẩn HSK 5 Tập 1 - Sách Bài Học và Bài tập (Bộ 2 cuốn),387000.0,5.0,850,https://tiki.vn/combo-giao-trinh-chuan-hsk-5-tap-1-sach-bai-hoc-va-bai-tap-bo-2-cuon-p276933759.html?spid=276949262,Tiki,Sách ngoại văn,True
276471716,Sách Cách Sống,71500.0,4.8,878,https://tiki.vn/sach-cach-song-p276471716.html?spid=276471719,Tiki,Sách ngoại văn,False
276285600,Phù thủy và dã thú,49000.0,5.0,100,https://tiki.vn/phu-thuy-va-da-thu-p276285600.html?spid=276885653,Tiki,Truyện tranh/Manga,False
275034810,Sách Thánh Kinh Marketing,187600.0,5.0,90,https://tiki.vn/sach-thanh-kinh-marketing-p275034810.html?spid=275034812,Tiki,Sách ngoại văn,False
273349964,Cecilia & Lawrence ( Chọn Tập Lẻ),38000.0,5.0,84,https://tiki.vn/combo-cecilia-lawrence-p273349964.html?spid=278690548,Tiki,Truyện tranh/Manga,False
273219497,Series các tập Moriarty the patriot,40000.0,5.0,763,https://tiki.vn/series-cac-tap-moriarty-the-patriot-p273219497.html?spid=274971985,Tiki,Truyện tranh/Manga,False
272367381,Sách Trốn Lên Mái Nhà Để Khóc,73150.0,5.0,2863,https://tiki.vn/sach-tron-len-mai-nha-de-khoc-p272367381.html?spid=272367383,Tiki,Sách ngoại văn,False
271916321,"	 Sách Mùa hè không tên (Nguyễn Nhật Ánh) - Tặng kèm Bookmark, Tranh màu",103500.0,5.0,5566,https://tiki.vn/sach-mua-he-khong-ten-nguyen-nhat-anh-tang-kem-bookmark-tranh-mau-cho-ca-2-phien-ban-tang-them-ngau-nhien-1-trong-2-lot-ly-cho-ban-bia-cung-p271916321.html?spid=271916323,Tiki,Sách ngoại văn,False
251255482,Doraemon - Chú Mèo Máy Đến Từ Tương Lai Tập 26 (Tái Bản),23750.0,5.0,31,https://tiki.vn/doraemon-chu-meo-may-den-tu-tuong-lai-tap-26-tai-ban-2023-p251255482.html?spid=251255484,Tiki,Truyện tranh/Manga,False
220665663,Sách 30 Tuổi - Mọi Thứ Chỉ Mới Bắt Đầu,103950.0,4.8,2759,https://tiki.vn/sach-30-tuoi-moi-thu-chi-moi-bat-dau-p220665663.html?spid=220665664,Tiki,Tô màu - Luyện chữ,False
205942263,Sách Tận Hưởng Hành Trình Nuôi Con Sữa Mẹ,116250.0,4.8,2610,https://tiki.vn/sach-tan-huong-hanh-trinh-nuoi-con-sua-me-p205942263.html?spid=205942266,Tiki,Sách ngoại văn,False
202450677,Chú Thuật Hồi Chiến Tập 8,28000.0,5.0,2629,https://tiki.vn/chu-thuat-hoi-chien-tap-8-p202450677.html?spid=202450681,Tiki,Truyện tranh/Manga,False
186290796,Sách Còn chút gì để nhớ (Tái Bản 2022),38950.0,5.0,1207,https://tiki.vn/sach-con-chut-gi-de-nho-tai-ban-2022-p186290796.html?spid=186290799,Tiki,Sách ngoại văn,False
186286190,Sách Mắt Biếc (Tái Bản 2022),40850.0,5.0,690,https://tiki.vn/sach-mat-biec-tai-ban-2022-p186286190.html?spid=186286191,Tiki,Sách ngoại văn,False
168662171,Sách Vừa Nhắm Mắt Vừa Mở Cửa Số,63000.0,5.0,2975,https://tiki.vn/sach-vua-nham-mat-vua-mo-cua-so-p168662171.html?spid=168662172,Tiki,Máy massage,False
82996522,Sách Tư Bản Thế Kỷ 21,231000.0,4.8,1415,https://tiki.vn/sach-tu-ban-the-ky-21-p82996522.html?spid=82996523,Tiki,Sách ngoại văn,False
50322710,Sách 48 Nguyên Tắc Chủ Chốt Của Quyền Lực (Tái Bản 2020),167000.0,5.0,9463,https://tiki.vn/sach-48-nguyen-tac-chu-chot-cua-quyen-luc-tai-ban-2020-p50322710.html?spid=51830751,Tiki,Tô màu - Luyện chữ,False
50263061,Combo Thám Tử Lừng Danh Conan Tập 21 - 30 (Bộ 10 cuốn),237500.0,5.0,826,https://tiki.vn/combo-tham-tu-lung-danh-conan-tap-21-30-bo-10-cuon-p50263061.html?spid=58806027,Tiki,Truyện tranh/Manga,False
8886007,Sách Ngàn Mặt Trời Rực Rỡ (Tái Bản),123200.0,4.8,10952,https://tiki.vn/sach-ngan-mat-troi-ruc-ro-tai-ban-p8886007.html?spid=8886008,Tiki,Sách ngoại văn,False
7369223,Sách Cho Tôi Xin Một Vé Đi Tuổi Thơ,68400.0,4.8,21459,https://tiki.vn/sach-cho-toi-xin-mot-ve-di-tuoi-tho-bia-mem-tai-ban-p7369223.html?spid=7369225,Tiki,Sách ngoại văn,False
3304875,Sách Điều Kỳ Diệu Của Tiệm Tạp Hóa NAMIYA (Tái Bản),107030.0,5.0,35112,https://tiki.vn/sach-dieu-ky-dieu-cua-tiem-tap-hoa-namiya-tai-ban-p3304875.html?spid=3304877,Tiki,Sách ngoại văn,False
1215677,Sách Từ Những Hạt Mầm: Hột Điều Của Sóc,11500.0,5.0,910,https://tiki.vn/sach-tu-nhung-hat-mam-hot-dieu-cua-soc-p1215677.html?spid=1215947,Tiki,Vitamin & Thực phẩm bổ sung,False
997535,Sách Gọi Em Bằng Tên Anh - Call Me By Your Name,92000.0,4.8,9260,https://tiki.vn/sach-goi-em-bang-ten-anh-call-me-by-your-name-p997535.html?spid=1002143,Tiki,Sách ngoại văn,False
633125,Sách Lĩnh Nam Chích Quái,266000.0,4.8,5827,https://tiki.vn/sach-linh-nam-chich-quai-p633125.html?spid=633134,Tiki,Sách ngoại văn,False
279358057,Sách Làm Dâu Nhà Giáo,158010.0,5.0,33,https://tiki.vn/sach-lam-dau-nha-giao-p279358057.html?spid=279359159,Tiki,Truyện tranh/Manga,False
279334959,Sách Tiếng Lòng Khó Giấu (Tập 2),126750.0,4.8,118,https://tiki.vn/sach-tieng-long-kho-giau-tap-2-p279334959.html?spid=279334936,Tiki,Sách thiếu nhi,False
279308786,Sách Người Trong Mộng Của Nam Chính Phải Lòng Tôi (Tập 1),183200.0,5.0,0,https://tiki.vn/sach-nguoi-trong-mong-cua-nam-chinh-phai-long-toi-tap-1-p279308786.html?spid=279308793,Tiki,Sách thiếu nhi,False
279292547,Sách Dan Da Dan - Tập 7 + Special Cover,40500.0,5.0,199,https://tiki.vn/sach-dan-da-dan-p279292547.html?spid=279557394,Tiki,Truyện tranh/Manga,False
279236017,Hồn Oda Da Shiba,48900.0,5.0,44,https://tiki.vn/hon-oda-da-shiba-p279236017.html?spid=279307513,Tiki,Truyện tranh/Manga,False
278963850,Kính Vạn Hoa Bộ Kỉ Niệm 30 Năm - Tặng Kèm 01 Sổ Tay Kính Vạn Hoa,172800.0,5.0,118,https://tiki.vn/kinh-van-hoa-bo-ki-niem-30-nam-tang-kem-p278963850.html?spid=278963990,Tiki,Máy massage,False
278948458,Sách Vòng Lặp Thứ 7 Của Tiểu Thư Phản Diện - Cuộc Sống Hôn Nhân Tự Tại Giữa Lòng Địch Quốc (Chọn Tập Lẻ),42750.0,5.0,67,https://tiki.vn/sach-vong-lap-thu-7-cua-tieu-thu-phan-dien-cuoc-song-hon-nhan-tu-tai-giua-long-dich-quoc-9-chon-tap-le-p278948458.html?spid=279185693,Tiki,Truyện tranh/Manga,False
278901566,Sách Đời Gió Bụi,180000.0,4.6,330,https://tiki.vn/sach-doi-gio-bui-p278901566.html?spid=278901596,Tiki,Sách ngoại văn,False
278856940,Agatha Christie. Bí Mật Dinh Thự Chimneys,126000.0,5.0,189,https://tiki.vn/agatha-christie-bi-mat-dinh-thu-chimneys-p278856940.html?spid=278856944,Tiki,Chăm sóc da,False
278800709,Điểm Kỳ Dị Đã Cận Kề - Khi Con Người Hợp Nhất Với AI,166500.0,4.0,208,https://tiki.vn/diem-ky-di-da-can-ke-khi-con-nguoi-hop-nhat-voi-ai-p278800709.html?spid=278814823,Tiki,Sách ngoại văn,False
278500643,Sách Động Từ Bất Quy Tắc & Ngữ Pháp Tiếng Anh Căn Bản,13860.0,5.0,36,https://tiki.vn/sach-dong-tu-bat-quy-tac-ngu-phap-tieng-anh-can-ban-p278500643.html?spid=278500647,Tiki,Sách ngoại văn,False
278492587,Sách Kính Vạn Hoa - Bộ 18 Tập [ Phiên Bản Mới,63200.0,5.0,246,https://tiki.vn/sach-kinh-van-hoa-bo-18-tap-phien-ban-moi-p278492587.html?spid=278492612,Tiki,Máy massage,False
278489414,Sách Tư Duy Hệ Thống,106600.0,5.0,637,https://tiki.vn/sach-tu-duy-he-thong-p278489414.html?spid=278489416,Tiki,Tô màu - Luyện chữ,False
278275295,Sách Chiến Binh Cầu Vồng (Tái Bản),103950.0,4.6,794,https://tiki.vn/sach-chien-binh-cau-vong-tai-ban-p278275295.html?spid=278275298,Tiki,Sách ngoại văn,False
278159678,Truyện tranh tâm lý học đường - Khai mở tư duy sáng tạo (Sách bản quyền),38900.0,0.0,38,https://tiki.vn/truyen-tranh-tam-ly-hoc-duong-sach-ban-quyen-p278159678.html?spid=278159686,Tiki,Sách ngoại văn,False
277384364,Hồ Sơ Mật The Top Secret Season 0,49900.0,5.0,398,https://tiki.vn/ho-so-mat-the-top-secret-season-0-p277384364.html?spid=277690619,Tiki,Truyện tranh/Manga,False
276922183,Thám Tử Lừng Danh Conan Tập 105,24500.0,5.0,388,https://tiki.vn/tham-tu-lung-danh-conan-tap-105-p276922183.html?spid=276922189,Tiki,Truyện tranh/Manga,False
276305454,Sách Trường Tương Tư,143600.0,5.0,122,https://tiki.vn/sach-truong-tuong-tu-p276305454.html?spid=276305547,Tiki,Sách ngoại văn,False
275212810,Sách MBA CƠ BẢN - Khóa Học Quản Trị Kinh Doanh Cấp Tốc Cho Người Bận Rộn - Tom Gorman (bìa mềm),208000.0,5.0,320,https://tiki.vn/sach-mba-co-ban-khoa-hoc-quan-tri-kinh-doanh-cap-toc-cho-nguoi-ban-ron-tom-gorman-bia-mem-p275212810.html?spid=275860915,Tiki,Mỹ phẩm,False
273200683,Series các tập Chu Du Ẩm Thực Tại Dị Giới Với Kĩ Năng Không Tưởng,38000.0,5.0,227,https://tiki.vn/chu-du-am-thuc-tai-di-gioi-voi-ki-nang-khong-tuong-p273200683.html?spid=274150466,Tiki,Truyện tranh/Manga,False
272854044,Sách Tiếng Anh Giao Tiếp Bệnh Viện dành cho người mới bắt đầu - Tác giả BS. Đỗ Trung Kiên,169000.0,5.0,1710,https://tiki.vn/sach-tieng-anh-giao-tiep-benh-vien-danh-cho-nguoi-moi-bat-dau-tac-gia-bs-do-trung-kien-p272854044.html?spid=272854045,Tiki,Sách ngoại văn,False
272447903,Sách Đừng nhặt bạn trai trong thùng rác,105700.0,5.0,312,https://tiki.vn/sach-dung-nhat-ban-trai-trong-thung-rac-p272447903.html?spid=276841205,Tiki,Sách thiếu nhi,False
271380890,Sách Đúng Việc,90000.0,5.0,4788,https://tiki.vn/sach-dung-viec-p271380890.html?spid=271380893,Tiki,Tô màu - Luyện chữ,False
270790324,Doraemon Plus Tập 5,23750.0,5.0,32,https://tiki.vn/doraemon-plus-tap-5-p270790324.html?spid=270790327,Tiki,Truyện tranh/Manga,False
263070154,Sách Giải mã Hoóc-môn Dopamine,152460.0,4.8,5435,https://tiki.vn/sach-giai-ma-hooc-mon-dopamine-p263070154.html?spid=263070155,Tiki,Tô màu - Luyện chữ,False
262304692,Doraemon - Chú Mèo Máy Đến Từ Tương Lai Tập 37,21120.0,5.0,55,https://tiki.vn/doraemon-chu-meo-may-den-tu-tuong-lai-tap-37-p262304692.html?spid=262304695,Tiki,Truyện tranh/Manga,False
242085691,Doraemon Tập 6: Nobita Và Cuộc Chiến Vũ Trụ [Tái Bản 2023],20900.0,0.0,27,https://tiki.vn/doraemon-tap-6-nobita-va-cuoc-chien-vu-tru-tai-ban-2023-p242085691.html?spid=242085692,Tiki,Truyện tranh/Manga,False
195291930,Sách Bốn Thỏa Ước,100100.0,5.0,4958,https://tiki.vn/sach-bon-thoa-uoc-p195291930.html?spid=195291931,Tiki,Sách ngoại văn,False
190861557,Sách Yêu Những Ngày Nắng Chẳng Ghét Những Ngày Mưa,117000.0,5.0,6062,https://tiki.vn/sach-yeu-nhung-ngay-nang-chang-ghet-nhung-ngay-mua-p190861557.html?spid=190861559,Tiki,Sách ngoại văn,False
139303869,Sách Nghệ Thuật Tinh Tế Của Việc Đếch Quan Tâm (Tái Bản),96000.0,5.0,6215,https://tiki.vn/sach-nghe-thuat-tinh-te-cua-viec-dech-quan-tam-tai-ban-p139303869.html?spid=139303870,Tiki,Tô màu - Luyện chữ,False
87391039,Sách Thuật Yêu Đương (Tái Bản),98000.0,5.0,1995,https://tiki.vn/sach-thuat-yeu-duong-tai-ban-p87391039.html?spid=87391040,Tiki,Sách ngoại văn,False
74021317,Sách Cây Cam Ngọt Của Tôi,93750.0,5.0,77201,https://tiki.vn/sach-cay-cam-ngot-cua-toi-p74021317.html?spid=74021318,Tiki,Sách ngoại văn,False
57325187,Sách Người Giàu Có Nhất Thành Babylon (Tái Bản 2020),75460.0,5.0,18215,https://tiki.vn/sach-nguoi-giau-co-nhat-thanh-babylon-tai-ban-2020-p57325187.html?spid=57325188,Tiki,Sách ngoại văn,False
48629535,Sách Ngày Xưa Có Một Chuyện Tình (Tái Bản),106875.0,5.0,5869,https://tiki.vn/sach-ngay-xua-co-mot-chuyen-tinh-tai-ban-p48629535.html?spid=48629536,Tiki,Sách ngoại văn,False
14643411,Sách Điều Kỳ Diệu (Tái Bản),148000.0,4.8,3965,https://tiki.vn/sach-dieu-ky-dieu-tai-ban-p14643411.html?spid=14643412,Tiki,Sách ngoại văn,False
10866305,Sách Tư Duy Pháp Lý Của Luật Sư (Tái Bản),205000.0,5.0,2429,https://tiki.vn/sach-tu-duy-phap-ly-cua-luat-su-tai-ban-p10866305.html?spid=10866306,Tiki,Tô màu - Luyện chữ,False
10866303,Sách Agatha Christie - Vụ Ám Sát Ông Roger Ackroyd (Tái Bản),124000.0,4.8,2552,https://tiki.vn/sach-agatha-christie-vu-am-sat-ong-roger-ackroyd-tai-ban-p10866303.html?spid=10866304,Tiki,Sách ngoại văn,False
10738198,Combo Danh Nhân Thế Giới (10 cuốn) - Tái Bản,225000.0,4.8,6951,https://tiki.vn/combo-danh-nhan-the-gioi-10-cuon-tai-ban-p10738198.html?spid=10738199,Tiki,Vitamin & Thực phẩm bổ sung,False
7982628,Sách Suối Nguồn (Tái Bản),303000.0,4.8,13511,https://tiki.vn/sach-suoi-nguon-tai-ban-p7982628.html?spid=7982629,Tiki,Sách ngoại văn,True
3954355,Sách Yêu Những Điều Không Hoàn Hảo,130130.0,5.0,43437,https://tiki.vn/sach-yeu-nhung-dieu-khong-hoan-hao-p3954355.html?spid=3955615,Tiki,Sách ngoại văn,False
278841848,Doraemon Movie Story Màu: Nobita Và Những Hiệp Sĩ Không Gian,34300.0,0.0,20,https://tiki.vn/doraemon-movie-story-mau-nobita-va-nhung-hiep-si-khong-gian-p278841848.html?spid=278841849,Tiki,Truyện tranh/Manga,False
278810625,Sách Lịch Sử Thế Giới Vô Hình,369600.0,4.6,150,https://tiki.vn/sach-lich-su-the-gioi-vo-hinh-p278810625.html?spid=278810627,Tiki,Sách ngoại văn,True
278668649,Sách Sống Đời Giản Dị,56000.0,5.0,145,https://tiki.vn/sach-song-doi-gian-di-p278668649.html?spid=278668650,Tiki,Tô màu - Luyện chữ,False
278572380,Perman - Cậu Bé Siêu Nhân,23750.0,0.0,35,https://tiki.vn/perman-cau-be-sieu-nhan-p278572380.html?spid=278572687,Tiki,Truyện tranh/Manga,False
278492655,Sách Kính Vạn Hoa - Bộ 9 Tập,96800.0,4.8,73,https://tiki.vn/sach-kinh-van-hoa-bo-9-tap-p278492655.html?spid=278492668,Tiki,Máy massage,False
278035545,Sách Tư Duy Đầu Tư - Tiền Đẻ Ra Tiền,156400.0,4.7,428,https://tiki.vn/sach-tu-duy-dau-tu-tien-de-ra-tien-p278035545.html?spid=278035546,Tiki,Sách ngoại văn,False
277938216,Sách Sống cuộc đời giàu có nhất của bạn (Robin Sharma),164000.0,5.0,939,https://tiki.vn/sach-song-cuoc-doi-giau-co-nhat-cua-ban-robin-sharma-p277938216.html?spid=277938219,Tiki,Sách ngoại văn,False
277914851,Bộ 3 Sách Song Ngữ: Lời thì thầm trong tổ ấm + Lời thì thầm với cha + Lời thì thầm với mẹ - Đầy Đủ File Nghe,397980.0,4.7,319,https://tiki.vn/bo-3-sach-song-ngu-loi-thi-tham-trong-to-am-loi-thi-tham-voi-cha-loi-thi-tham-voi-me-day-du-file-nghe-p277914851.html?spid=277914852,Tiki,Sách ngoại văn,True
277809376,Sách Tư duy dã tràng - Tim trí giao tranh,135000.0,5.0,880,https://tiki.vn/sach-tu-duy-da-trang-tim-tri-giao-tranh-p277809376.html?spid=277809378,Tiki,Sách ngoại văn,False
277671463,Tình Yêu Nhân Vật Phụ,40000.0,5.0,112,https://tiki.vn/tinh-yeu-nhan-vat-phu-p277671463.html?spid=278710796,Tiki,Truyện tranh/Manga,False
276823777,Sách Tại sao các quốc gia thất bại,248000.0,5.0,1010,https://tiki.vn/sach-tai-sao-cac-quoc-gia-that-bai-p276823777.html?spid=276823778,Tiki,Sách ngoại văn,False
275925573,Bộ Truyện Tranh Dấu Ấn Hoàng Gia [ Nữ Hoàng Ai Cập ] - (Chọn Tập Lẻ),29400.0,5.0,564,https://tiki.vn/bo-truyen-tranh-dau-an-hoang-gia-p275925573.html?spid=278860209,Tiki,Truyện tranh/Manga,False
275362670,Sakamoto Days Sát thủ huyền thoại [Chọn Tập Lẻ,43000.0,5.0,1737,https://tiki.vn/sakamoto-days-01_sat-thu-huyen-thoai-tap-1-p275362670.html?spid=275363387,Tiki,Truyện tranh/Manga,False
273355903,"Sách Làm Cha Mẹ Tỉnh Thức - Chuyển Hóa Bản Thân, Trao Quyền Cho Con Cái",138400.0,5.0,914,https://tiki.vn/sach-lam-cha-me-tinh-thuc-chuyen-hoa-ban-than-trao-quyen-cho-con-cai-p273355903.html?spid=273355906,Tiki,Sách ngoại văn,False
272404892,Sách Phụ nữ tỳ hư rất mau già,121000.0,5.0,381,https://tiki.vn/sach-phu-nu-ty-hu-rat-mau-gia-p272404892.html?spid=272404893,Tiki,Sách ngoại văn,False
271518926,Sách Dám bị ghét,102240.0,5.0,1857,https://tiki.vn/sach-dam-bi-ghet-p271518926.html?spid=271518929,Tiki,Tô màu - Luyện chữ,False
267208813,Sách Tuổi Thơ Dữ Dội - Tập 2,52800.0,5.0,1419,https://tiki.vn/sach-tuoi-tho-du-doi-tap-2-p267208813.html?spid=267208816,Tiki,Sách ngoại văn,False
252456572,Sách Cẩm nang chăm sóc bé yêu (Tái bản đổi tên),111400.0,5.0,383,https://tiki.vn/sach-cam-nang-cham-soc-be-yeu-tai-ban-doi-ten-p252456572.html?spid=252456573,Tiki,Sách ngoại văn,False
249875170,Sách Hai số phận (bìa cứng),202000.0,5.0,2964,https://tiki.vn/sach-hai-so-phan-bia-cung-p249875170.html?spid=249875171,Tiki,Sách ngoại văn,False
249875150,Sách Hai số phận (bìa mềm),179000.0,5.0,2197,https://tiki.vn/sach-hai-so-phan-bia-mem-p249875150.html?spid=249875152,Tiki,Sách ngoại văn,False
246073880,Combo Thám Tử Lừng Danh Conan Hoạt Hình Màu: Kẻ Hành Pháp Zero (Tập 1 + Tập 2) (2 Cuốn),114000.0,5.0,32,https://tiki.vn/combo-tham-tu-lung-danh-conan-hoat-hinh-mau-ke-hanh-phap-zero-tap-1-tap-2-2-cuon-tai-ban-2023-p246073880.html?spid=246073881,Tiki,Truyện tranh/Manga,False
210277880,Sách Con người và Biểu tượng - Man and his symbols,378000.0,4.8,2791,https://tiki.vn/sach-con-nguoi-va-bieu-tuong-man-and-his-symbols-p210277880.html?spid=210277882,Tiki,Sách ngoại văn,True
195545304,Sách Khéo Ăn Nói Sẽ Có Được Thiên Hạ,99400.0,4.8,5023,https://tiki.vn/sach-kheo-an-noi-se-co-duoc-thien-ha-p195545304.html?spid=195545306,Tiki,Sách ngoại văn,False
187600387,Sách Giải Thích Bộ Đề Thi Vào 10 Chuyên - Khối Chuyên Anh,110000.0,4.8,349,https://tiki.vn/sach-giai-thich-bo-de-thi-vao-10-chuyen-khoi-chuyen-anh-p187600387.html?spid=187600388,Tiki,Sách ngoại văn,False
173481363,Sách Bách Khoa Tri Thức Cho Trẻ Em,201600.0,5.0,385,https://tiki.vn/sach-bach-khoa-tri-thuc-cho-tre-em-p173481363.html?spid=173481364,Tiki,Vitamin & Thực phẩm bổ sung,False
107802183,Sách Sức Mạnh Tiềm Thức (Tái Bản) (Bìa Mềm),98560.0,5.0,10207,https://tiki.vn/sach-suc-manh-tiem-thuc-tai-ban-bia-mem-p107802183.html?spid=107802184,Tiki,Tô màu - Luyện chữ,False
104314401,Sách Bí Mật Của May Mắn (Khổ Lớn) (Tái Bản),52360.0,4.8,5789,https://tiki.vn/sach-bi-mat-cua-may-man-kho-lon-tai-ban-p104314401.html?spid=104314402,Tiki,Sách ngoại văn,False
101782486,"Sách Deep Work - Làm Ra Làm, Chơi Ra Chơi (Tái Bản)",107300.0,4.7,4627,https://tiki.vn/sach-deep-work-lam-ra-lam-choi-ra-choi-tai-ban-p101782486.html?spid=101782488,Tiki,Tô màu - Luyện chữ,False
90056907,Sách Khởi Nghiệp Tinh Gọn (The Lean Startup) (Tái Bản),113900.0,5.0,5316,https://tiki.vn/sach-khoi-nghiep-tinh-gon-the-lean-startup-tai-ban-p90056907.html?spid=90056908,Tiki,Sách ngoại văn,False
89402951,Sách Giáo Trình Chuẩn HSK 4 - Tập 1 Bài Học (Quét Mã QR Để Nghe File MP3)(Tái Bản),189000.0,4.6,492,https://tiki.vn/sach-giao-trinh-chuan-hsk-4-tap-1-bai-hoc-quet-ma-qr-de-nghe-file-mp3-tai-ban-p89402951.html?spid=89402952,Tiki,Sách ngoại văn,False
77982982,Sách Trí Tuệ Xúc Cảm,131400.0,4.8,3833,https://tiki.vn/sach-tri-tue-xuc-cam-p77982982.html?spid=77982983,Tiki,Tô màu - Luyện chữ,False
73207098,Sách Làm Chủ - Mastery,166000.0,4.8,3446,https://tiki.vn/sach-lam-chu-mastery-p73207098.html?spid=73549953,Tiki,Tô màu - Luyện chữ,False
45663008,Sách Ngày Xưa Có Một Con Bò…(Tái Bản),59000.0,4.8,11440,https://tiki.vn/sach-ngay-xua-co-mot-con-bo-tai-ban-p45663008.html?spid=45663009,Tiki,Tô màu - Luyện chữ,False
32490132,Sách Một Đời Như Kẻ Tìm Đường,141000.0,4.8,9433,https://tiki.vn/sach-mot-doi-nhu-ke-tim-duong-p32490132.html?spid=32490133,Tiki,Tô màu - Luyện chữ,False
19824204,Combo Doraemon Truyện Ngắn (45 Tập) - Tái Bản,982800.0,4.8,3071,https://tiki.vn/combo-doraemon-truyen-ngan-45-tap-tai-ban-p19824204.html?spid=19824205,Tiki,Truyện tranh/Manga,True
13443886,Sách Giáo Trình Chuẩn HSK 3 Bài Học (Kèm file MP3) - Tái Bản,239000.0,4.8,2219,https://tiki.vn/sach-giao-trinh-chuan-hsk-3-bai-hoc-kem-file-mp3-tai-ban-p13443886.html?spid=13443887,Tiki,Sách ngoại văn,False
13419678,Sách Đi Tìm Lẽ Sống (Tái Bản ),67760.0,4.8,24443,https://tiki.vn/sach-di-tim-le-song-tai-ban-p13419678.html?spid=13419679,Tiki,Tô màu - Luyện chữ,False
8885999,Sách Totto - Chan Bên Cửa Sổ (Tái Bản),92400.0,5.0,22733,https://tiki.vn/sach-totto-chan-ben-cua-so-tai-ban-p8885999.html?spid=8886000,Tiki,Sách ngoại văn,False
2619499,Sách ​Liễu Phàm Tứ Huấn (Tái Bản),58000.0,4.8,5681,https://tiki.vn/sach-lieu-pham-tu-huan-tai-ban-2018-p2619499.html?spid=2629575,Tiki,Tô màu - Luyện chữ,False
1647103,Sách Bà Ngoại Tôi Gửi Lời Xin Lỗi,151500.0,4.8,1784,https://tiki.vn/sach-ba-ngoai-toi-gui-loi-xin-loi-p1647103.html?spid=1647211,Tiki,Sách ngoại văn,False
279395889,Sách One Piece - Tập 110,23750.0,5.0,40,https://tiki.vn/sach-one-piece-tap-110-p279395889.html?spid=279395899,Tiki,Truyện tranh/Manga,False
279375972,Sách Trái Dấu Hút Nhau (Chọn lẻ),55000.0,4.8,82,https://tiki.vn/sach-trai-dau-hut-nhau-chon-le-p279375972.html?spid=279533752,Tiki,Truyện tranh/Manga,False
279292563,Truyện Tranh - Nơi Dãy Núi Điên Dại,38000.0,5.0,51,https://tiki.vn/truyen-tranh-noi-day-nui-dien-dai-p279292563.html?spid=279534174,Tiki,Truyện tranh/Manga,False
279187927,Văn phòng thám tử quái vật,28000.0,5.0,153,https://tiki.vn/van-phong-tham-tu-quai-vat-p279187927.html?spid=253366607,Tiki,Truyện tranh/Manga,False
279149139,Làm Dâu Nhà Sói (Tập 1),63200.0,5.0,32,https://tiki.vn/lam-dau-nha-soi-tap-1-p279149139.html?spid=279149140,Tiki,Truyện tranh/Manga,False
278445298,Slam Dunk - Deluxe Edition ( Các Tập Lẻ),57000.0,5.0,280,https://tiki.vn/slam-dunk-deluxe-edition-cac-tap-le-p278445298.html?spid=278445305,Tiki,Truyện tranh/Manga,False
278229522,Boxset Nguyên Tội Của Takopi (2 Tập),95000.0,4.7,106,https://tiki.vn/boxset-nguyen-toi-cua-takopi-2-tap-tang-kem-standee-giay-boi-p278229522.html?spid=278229523,Tiki,Truyện tranh/Manga,False
278123404,Vùng Đất Xa Xăm,85400.0,4.6,311,https://tiki.vn/vung-dat-xa-xam-p278123404.html?spid=278316948,Tiki,Truyện tranh/Manga,False
277543284,Kotaro sống một mình,44000.0,5.0,252,https://tiki.vn/kotaro-song-mot-minh-p277543284.html?spid=277670266,Tiki,Truyện tranh/Manga,False
276860230,Doraemon Plus Tập 7 (Bản Bìa Gập),21600.0,4.2,54,https://tiki.vn/doraemon-plus-tap-7-ban-bia-gap-p276860230.html?spid=276860232,Tiki,Truyện tranh/Manga,False
274928291,Historie,40850.0,5.0,492,https://tiki.vn/historie-p274928291.html?spid=276285287,Tiki,Truyện tranh/Manga,False
274175475,Frieren - Pháp Sư Tiễn Táng,40500.0,5.0,365,https://tiki.vn/frieren-phap-su-tien-tang-p274175475.html?spid=274810147,Tiki,Truyện tranh/Manga,False
272003238,Nụ hôn tinh nghịch,83600.0,5.0,279,https://tiki.vn/nu-hon-tinh-nghich-p272003238.html?spid=274972075,Tiki,Truyện tranh/Manga,False
271535830,Shin - Cậu Bé Bút Chì - Tập 45,23750.0,5.0,45,https://tiki.vn/shin-cau-be-but-chi-tap-45-p271535830.html?spid=271535833,Tiki,Truyện tranh/Manga,False
270790349,Shin - Cậu Bé Bút Chì Tập 16,23500.0,4.8,38,https://tiki.vn/shin-cau-be-but-chi-tap-16-p270790349.html?spid=270790352,Tiki,Truyện tranh/Manga,False
270663112,Combo Thám Tử Lừng Danh Conan - Học Viện Cảnh Sát - Wild Police Story [Tập 1+2] (2 Cuốn),57000.0,4.8,70,https://tiki.vn/combo-tham-tu-lung-danh-conan-hoc-vien-canh-sat-wild-police-story-tap-1-2-2-cuon-p270663112.html?spid=270663115,Tiki,Truyện tranh/Manga,False
263052837,Dragon Ball Super Tập 14: Tuần Tra Viên Ngân Hà Son Goku,28500.0,5.0,14,https://tiki.vn/dragon-ball-super-tap-14-tuan-tra-vien-ngan-ha-son-goku-p263052837.html?spid=263052840,Tiki,Truyện tranh/Manga,False
247442507,Doraemon Tranh Truyện Màu - Nobita Tây Du Kí Tập 2 (Tái Bản 2023),28500.0,5.0,44,https://tiki.vn/doraemon-tranh-truyen-mau-nobita-tay-du-ki-tap-2-tai-ban-2023-p247442507.html?spid=247442508,Tiki,Truyện tranh/Manga,False
195969664,Tokyo Revengers - Tập 4,94700.0,5.0,962,https://tiki.vn/tokyo-revengers-tap-4-p195969664.html?spid=195969673,Tiki,Truyện tranh/Manga,False
185097189,Combo Nhà Có 5 Nàng Dâu ( 14 Tập) [Tái Bản 2025],394250.0,0.0,3,https://tiki.vn/nha-co-5-nang-dau-combo-12-tap-tap-1-den-tap-12-p185097189.html?spid=185097190,Tiki,Truyện tranh/Manga,True
57233240,Combo 5 Cuốn: Doraemon Thế Giới Khoa Học,213750.0,4.8,270,https://tiki.vn/combo-5-cuon-doraemon-the-gioi-khoa-hoc-p57233240.html?spid=57233241,Tiki,Truyện tranh/Manga,False
34956336,Doraemon Plus Tập 6 (Tái Bản),21600.0,5.0,37,https://tiki.vn/doraemon-plus-tap-6-tai-ban-2019-p34956336.html?spid=34956337,Tiki,Truyện tranh/Manga,False
20611171,Combo Tý Quậy ( 10 tập ),300000.0,4.7,254,https://tiki.vn/combo-ty-quay-10-tap-p20611171.html?spid=20611172,Tiki,Truyện tranh/Manga,True
279402018,Sách Quán Cơm Tỳ Hưu - Chỉ Có Vào Không Có Ra (Tập 4),160200.0,5.0,30,https://tiki.vn/quan-com-ty-huu-chi-co-vao-khong-co-ra-tap-4-p279402018.html?spid=279402367,Tiki,Truyện tranh/Manga,False
279395884,Sách Dấu Ấn Hoàng Gia - Tập 57,27000.0,5.0,135,https://tiki.vn/sach-dau-an-hoang-gia-tap-57-p279395884.html?spid=279395887,Tiki,Truyện tranh/Manga,False
279323586,Sách Dấu Ấn Hoàng Gia - Tập 51 [Tặng Kèm Postcard],28500.0,0.0,120,https://tiki.vn/sach-dau-an-hoang-gia-tap-51-tang-kem-postcard-p279323586.html?spid=279323587,Tiki,Truyện tranh/Manga,False
279319890,Sách - Monster - Deluxe Edition - Tập 4 - Tặng Kèm Bookmark,118700.0,4.7,99,https://tiki.vn/sach-monster-deluxe-edition-tap-4-tang-kem-bookmark-p279319890.html?spid=279319891,Tiki,Truyện tranh/Manga,False
279082305,Spy X Family - Tập 14,27000.0,5.0,67,https://tiki.vn/spy-x-family-tap-14-tang-kem-standee-pvc-p279082305.html?spid=279082306,Tiki,Truyện tranh/Manga,False
278948895,Tuyển Tập Kiệt Tác Fujiko F Fujio - F The Best,190000.0,5.0,234,https://tiki.vn/tuyen-tap-kiet-tac-fujiko-f-fujio-f-the-best-tang-kem-set-sticker-kho-lon-p278948895.html?spid=278948896,Tiki,Truyện tranh/Manga,False
278948837,Boxset Orange - Lá Thư Từ Tương Lai [Tặng Kèm Set 8 Postcard],299250.0,4.3,23,https://tiki.vn/boxset-orange-la-thu-tu-tuong-lai-tang-kem-set-8-postcard-p278948837.html?spid=278948840,Tiki,Truyện tranh/Manga,True
278874643,Sách Đại Pháp Sư Của Thư Viện [Chọn Tập Lẻ,42750.0,5.0,190,https://tiki.vn/sach-dai-phap-su-cua-thu-vien-chon-tap-le-p278874643.html?spid=279157932,Tiki,Truyện tranh/Manga,False
278814503,Sách Bảng Xếp Hạng Quân Vương [Chọn Tập Lẻ,43650.0,5.0,18,https://tiki.vn/sach-bang-xep-hang-quan-vuong-chon-tap-le-p278814503.html?spid=278756490,Tiki,Truyện tranh/Manga,False
278788075,Sách Những Ngày Thường Bất Ổn Của Yano [Chọn Tập Lẻ,42750.0,4.1,80,https://tiki.vn/sach-nhung-ngay-thuong-bat-on-cua-yano-chon-tap-le-p278788075.html?spid=279559060,Tiki,Truyện tranh/Manga,False
278747062,Liệu Hoa Có Nở,88000.0,5.0,47,https://tiki.vn/lieu-hoa-co-no-p278747062.html?spid=279330224,Tiki,Truyện tranh/Manga,False
278518858,Thị Trấn Mèo - Tập 10 [Tặng Kèm Postcard],64500.0,5.0,82,https://tiki.vn/thi-tran-meo-tap-10-tang-kem-postcard-p278518858.html?spid=278518859,Tiki,Truyện tranh/Manga,False
278316450,Sách Em Bé Và Tôi ( Chọn Tập Lẻ),69100.0,5.0,200,https://tiki.vn/em-be-va-toi-tap-1-tang-kem-special-jacket-p278316450.html?spid=278860198,Tiki,Truyện tranh/Manga,False
278100335,Sách Ánh Sao Bên Tôi,140000.0,5.0,253,https://tiki.vn/anh-sao-ben-toi-tap-1-p278100335.html?spid=279182055,Tiki,Truyện tranh/Manga,False
277568841,Kingdom,40000.0,5.0,74,https://tiki.vn/kingdom-p277568841.html?spid=277690334,Tiki,Truyện tranh/Manga,False
277402962,ReLIFE,54800.0,5.0,137,https://tiki.vn/relife-p277402962.html?spid=277402979,Tiki,Truyện tranh/Manga,False
276922193,Shin Cậu Bé Bút Chì - Truyện Dài Tập 21: Bốn Chàng Hiệp Sĩ Của Vương Quốc Vẽ Vời,24500.0,5.0,16,https://tiki.vn/shin-cau-be-but-chi-truyen-dai-tap-21-bon-chang-hiep-si-cua-vuong-quoc-ve-voi-p276922193.html?spid=276922195,Tiki,Truyện tranh/Manga,False
276859727,Spy X Family Tập 11 (Bản Thường),28500.0,5.0,91,https://tiki.vn/spy-x-family-tap-11-ban-thuong-tang-kem-standee-pvc-p276859727.html?spid=276859728,Tiki,Truyện tranh/Manga,False
276659735,Series các tập Saiyuki,49000.0,5.0,118,https://tiki.vn/series-cac-tap-saiyuki-p276659735.html?spid=276824700,Tiki,Truyện tranh/Manga,False
276109497,Spy X Family Tập 10,28500.0,5.0,163,https://tiki.vn/spy-x-family-tap-10-tang-kem-standee-p276109497.html?spid=276109499,Tiki,Truyện tranh/Manga,False
275881767,Series các tập Thiên hà cạnh bên,45000.0,5.0,78,https://tiki.vn/thien-ha-canh-ben-01-tang-kem-postcard-giay-p275881767.html?spid=276285615,Tiki,Truyện tranh/Manga,False
275617268,Shin Cậu Bé Bút Chì - Truyện Dài Tập 15: Câu Chuyện Xuất Ngoại Và Trận Chiến Xương Rồng,23750.0,5.0,23,https://tiki.vn/shin-cau-be-but-chi-truyen-dai-tap-15-cau-chuyen-xuat-ngoai-va-tran-chien-xuong-rong-p275617268.html?spid=275617271,Tiki,Truyện tranh/Manga,False
274728129,Vũ điệu rực lửa - Welcome to the Ballroom,36000.0,5.0,297,https://tiki.vn/vu-dieu-ruc-lua-welcome-to-the-ballroom-p274728129.html?spid=274928242,Tiki,Truyện tranh/Manga,False
274031577,Series các tập ATTACK ON TITAN - Combo tập 1-2-3,133820.0,5.0,1857,https://tiki.vn/series-cac-tap-attack-on-titan-combo-tap-1-2-3-p274031577.html?spid=274031703,Tiki,Truyện tranh/Manga,False
273219000,Shin - Cậu Bé Bút Chì Tập 34,23750.0,5.0,5,https://tiki.vn/shin-cau-be-but-chi-tap-34-p273219000.html?spid=273219003,Tiki,Truyện tranh/Manga,False
272122637,Chú Thuật Hồi Chiến Tập 17: Ngậm Ngọn Cỏ Lau,28500.0,5.0,442,https://tiki.vn/chu-thuat-hoi-chien-tap-17-ngam-ngon-co-lau-p272122637.html?spid=272122641,Tiki,Truyện tranh/Manga,False
270790402,Shin - Cậu Bé Bút Chì - Tập 50,23750.0,5.0,44,https://tiki.vn/shin-cau-be-but-chi-tap-50-p270790402.html?spid=270790405,Tiki,Truyện tranh/Manga,False
270466655,Shin - Cậu Bé Bút Chì Tập 13,24500.0,4.6,24,https://tiki.vn/shin-cau-be-but-chi-tap-13-p270466655.html?spid=270466658,Tiki,Truyện tranh/Manga,False
270463602,Shin - Cậu Bé Bút Chì Tập 1,23750.0,5.0,64,https://tiki.vn/shin-cau-be-but-chi-tap-1-p270463602.html?spid=270463605,Tiki,Truyện tranh/Manga,False
267178870,Doraemon Tuyển Tập Tranh Truyện Màu - Tập 1,47500.0,5.0,111,https://tiki.vn/doraemon-tuyen-tap-tranh-truyen-mau-tap-1-p267178870.html?spid=267178873,Tiki,Truyện tranh/Manga,False
263970133,Thám tử lừng danh Conan Tập 28,23750.0,5.0,30,https://tiki.vn/tham-tu-lung-danh-conan-tap-28-p263970133.html?spid=263970135,Tiki,Truyện tranh/Manga,False
263698219,Bluelock Tập 10,33250.0,5.0,102,https://tiki.vn/bluelock-tap-10-tang-kem-pvc-card-va-standee-nhan-vat-p263698219.html?spid=263698220,Tiki,Truyện tranh/Manga,False
247442497,Combo Doraemon Tranh Truyện Màu - Nobita Tây Du Kí (2 cuốn) [Tái Bản 2023],57000.0,5.0,107,https://tiki.vn/combo-doraemon-tranh-truyen-mau-nobita-tay-du-ki-2-cuon-tai-ban-2023-p247442497.html?spid=247442498,Tiki,Truyện tranh/Manga,False
215983686,Combo Shin - Cậu Bé Bút Chì - Đặc Biệt  (8 Tập),195000.0,4.8,89,https://tiki.vn/combo-shin-cau-be-but-chi-dac-biet-8-tap-p215983686.html?spid=215983687,Tiki,Truyện tranh/Manga,False
173515978,My Hero Academia - Học Viện Siêu Anh Hùng Tập 8: Yaoyorozu: Trỗi Dậy (Tái Bản 2022),28500.0,5.0,26,https://tiki.vn/my-hero-academia-hoc-vien-sieu-anh-hung-tap-8-yaoyorozu-troi-day-tai-ban-2022-p173515978.html?spid=173515980,Tiki,Truyện tranh/Manga,False
171876692,Dragon Ball Super - Tập 7: Giải Đấu Sức Mạnh - Cuộc Đua Tranh Sống Còn (Tái Bản),28800.0,5.0,116,https://tiki.vn/dragon-ball-super-tap-7-giai-dau-suc-manh-cuoc-dua-tranh-song-con-tai-ban-2022-p171876692.html?spid=171876693,Tiki,Truyện tranh/Manga,False
51320541,Combo Thám Tử Lừng Danh Conan Tập 61 - 70 (Bộ 10 cuốn),240000.0,5.0,628,https://tiki.vn/combo-tham-tu-lung-danh-conan-tap-61-70-bo-10-cuon-p51320541.html?spid=58806032,Tiki,Truyện tranh/Manga,False
21508579,Doraemon Plus Tập 4 (Tái Bản),20900.0,5.0,463,https://tiki.vn/doraemon-plus-tap-4-tai-ban-p21508579.html?spid=21508580,Tiki,Truyện tranh/Manga,False
13105192,Doraemon - Chú Mèo Máy Đến Từ Tương Lai Tập 43 (Tái Bản),20900.0,5.0,469,https://tiki.vn/doraemon-chu-meo-may-den-tu-tuong-lai-tap-43-tai-ban-p13105192.html?spid=13105193,Tiki,Truyện tranh/Manga,False
509618,Combo Dragon Ball (Trọn Bộ 42 Tập),1192250.0,4.8,3094,https://tiki.vn/combo-dragon-ball-tron-bo-42-tap-p509618.html?spid=226387,Tiki,Truyện tranh/Manga,True
279408699,Sách Dấu Ấn Hoàng Gia - Tập 60 ,28500.0,5.0,126,https://tiki.vn/sach-dau-an-hoang-gia-tap-60-p279408699.html?spid=279408701,Tiki,Truyện tranh/Manga,False
279396019,Sách Official Character Book - My Hero Academia - Học Viện Siêu Anh Hùng: Ultra Archive [Tặng Kèm Set Bookmark PVC + Bảng Sticker],42750.0,0.0,4,https://tiki.vn/sach-official-character-book-my-hero-academia-hoc-vien-sieu-anh-hung-ultra-archive-tang-kem-set-bookmark-pvc-bang-sticker-p279396019.html?spid=279396022,Tiki,Truyện tranh/Manga,False
279395932,Sách Vivre Card - Thẻ Dữ Liệu Nhân Vật One Piece Booster Pack - Băng Hải Tặc Của “Tứ Hoàng” Big Mom!! ,23750.0,5.0,7,https://tiki.vn/sach-vivre-card-the-du-lieu-nhan-vat-one-piece-booster-pack-bang-hai-tac-cua-tu-hoang-big-mom-p279395932.html?spid=279395934,Tiki,Truyện tranh/Manga,False
279349883,Sách Dấu Ấn Hoàng Gia - Tập 54 ,28500.0,5.0,268,https://tiki.vn/sach-dau-an-hoang-gia-tap-54-p279349883.html?spid=279349885,Tiki,Truyện tranh/Manga,False
279349882,Sách Dấu Ấn Hoàng Gia - Tập 53 ,28500.0,5.0,270,https://tiki.vn/sach-dau-an-hoang-gia-tap-53-p279349882.html?spid=279349884,Tiki,Truyện tranh/Manga,False
279329126,Sách Ngôi Nhà Mặt Trời Mọc (Tập 2),143000.0,5.0,12,https://tiki.vn/sach-ngoi-nha-mat-troi-moc-tap-2-p279329126.html?spid=279330001,Tiki,Truyện tranh/Manga,False
279305766,Dấu Ấn Hoàng Gia - Tập 50 ,28500.0,5.0,263,https://tiki.vn/dau-an-hoang-gia-tap-50-p279305766.html?spid=279305768,Tiki,Truyện tranh/Manga,False
279305764,Sách Dịch Vụ Giao Hàng Của Phù Thủy Kiki (Truyện Tranh Màu) - (Chọn Tập Lẻ),67500.0,5.0,49,https://tiki.vn/dich-vu-giao-hang-cua-phu-thuy-kiki-truyen-tranh-mau-chon-tap-le-p279305764.html?spid=279395400,Tiki,Truyện tranh/Manga,False
279292554,Chung Một Mái Nhà - Tập 5,84000.0,5.0,10,https://tiki.vn/chung-mot-mai-nha-tap-5-p279292554.html?spid=279293803,Tiki,Truyện tranh/Manga,False
279291900,Dấu Ấn Hoàng Gia - Tập 47,28500.0,5.0,259,https://tiki.vn/dau-an-hoang-gia-tap-47-p279291900.html?spid=279291901,Tiki,Truyện tranh/Manga,False
279272462,Sách Vitamin Mèo Và Những Câu Chuyện Bất Tận - Nhiều Phiên Bản,96700.0,5.0,15,https://tiki.vn/sach-sach-vitamin-meo-va-nhung-cau-chuyen-bat-tan-nhieu-phien-ban-p279272462.html?spid=279272468,Tiki,Truyện tranh/Manga,False
279001755,Sách Thủy Cung Đáy Biển Magmell [ Chọn Tập Lẻ,36000.0,5.0,91,https://tiki.vn/sach-thuy-cung-day-bien-magmell-chon-tap-le-p279001755.html?spid=279557373,Tiki,Truyện tranh/Manga,False
278916774,Doraemon Movie Story Màu - Phiên Bản Mới: Nobita Thám Hiểm Vùng Đất Mới,33250.0,0.0,19,https://tiki.vn/doraemon-movie-story-mau-phien-ban-moi-nobita-tham-hiem-vung-dat-moi-p278916774.html?spid=278916775,Tiki,Truyện tranh/Manga,False
278892518,Sách Chàng Đầu Gấu Và Cô Nàng Khiếm Thị [Chọn Tập Lẻ,42750.0,0.0,26,https://tiki.vn/sach-chang-dau-gau-va-co-nang-khiem-thi-tap-1-tang-kem-standee-bap-benh-p278892518.html?spid=279185689,Tiki,Truyện tranh/Manga,False
278870038,Sách - Wild Cats - Tặng Kèm Mini Poster + Card PVC,132300.0,0.0,4,https://tiki.vn/sach-wild-cats-tang-kem-mini-poster-card-pvc-p278870038.html?spid=278870039,Tiki,Truyện tranh/Manga,False
278831291,Sách - Boxset Nguyên Tội Của Takopi - Tập 1 + Tập 2 (Hộp 2 Tập) - Tặng Kèm Standee Giấy Bồi,98000.0,5.0,18,https://tiki.vn/sach-boxset-nguyen-toi-cua-takopi-tap-1-tap-2-hop-2-tap-tang-kem-standee-giay-boi-p278831291.html?spid=278831292,Tiki,Truyện tranh/Manga,False
278788244,Sách Dragon Quest - Cuộc Phiêu Lưu Của Dũng Sĩ Dai [Chọn Tập Lẻ,65550.0,5.0,348,https://tiki.vn/sach-dragon-quest-cuoc-phieu-luu-cua-dung-si-dai-chon-tap-le-p278788244.html?spid=279306660,Tiki,Truyện tranh/Manga,False
278603968,Rồng & Tắc Kè Hoa,52000.0,5.0,66,https://tiki.vn/rong-tac-ke-hoa-p278603968.html?spid=279130813,Tiki,Truyện tranh/Manga,False
278469816,Cú Đấm Phúc Âm,52000.0,5.0,315,https://tiki.vn/cu-dam-phuc-am-p278469816.html?spid=278747151,Tiki,Truyện tranh/Manga,False
278315209,Thám Tử Lừng Danh Conan Vs. Tổ Chức Áo Đen - Tập 1,33250.0,4.8,637,https://tiki.vn/tham-tu-lung-danh-conan-vs-to-chuc-ao-den-p278315209.html?spid=2610741,Tiki,Truyện tranh/Manga,False
275955976,Nhóc Maruko Tập 11 [Tặng Kèm Set Postcard Polaroid],39200.0,5.0,126,https://tiki.vn/nhoc-maruko-tap-11-tang-kem-set-postcard-polaroid-p275955976.html?spid=275955979,Tiki,Truyện tranh/Manga,False
275606968,Thám Tử Lừng Danh Conan - Hanzawa Chàng Hung Thủ Số Nhọ - Tập 7,25000.0,0.0,1,https://tiki.vn/tham-tu-lung-danh-conan-hanzawa-chang-hung-thu-so-nho-tap-7-p275606968.html?spid=275606969,Tiki,Truyện tranh/Manga,False
275490886,Asari - Cô Bé Tinh Nghịch Tập 21 – Tập 30 [Tái Bản 2024,23750.0,4.5,38,https://tiki.vn/asari-co-be-tinh-nghich-tap-21-tap-30-tai-ban-2024-p275490886.html?spid=275491509,Tiki,Truyện tranh/Manga,False
273787649,Nina Ở Thị Trấn Cao Nguyên,34000.0,5.0,58,https://tiki.vn/nina-o-thi-tran-cao-nguyen-p273787649.html?spid=274850762,Tiki,Truyện tranh/Manga,False
271516431,Nhóc Miko! Cô Bé Nhí Nhảnh - Tập 16,23000.0,5.0,38,https://tiki.vn/nhoc-miko-co-be-nhi-nhanh-tap-16-p271516431.html?spid=271516434,Tiki,Truyện tranh/Manga,False
271478393,Thám tử Kindaichi phần đặc biệt: Thanh tra Akechi và chuyên án hào nhoáng,44900.0,5.0,160,https://tiki.vn/tham-tu-kindaichi-phan-dac-biet-thanh-tra-akechi-va-chuyen-an-hao-nhoang-p271478393.html?spid=271478396,Tiki,Truyện tranh/Manga,False
270463575,Shin - Cậu Bé Bút Chì - Tập 37,23750.0,4.8,21,https://tiki.vn/shin-cau-be-but-chi-tap-37-p270463575.html?spid=270463578,Tiki,Truyện tranh/Manga,False
262304766,Thám Tử Lừng Danh Conan Tập 6,23275.0,4.7,70,https://tiki.vn/tham-tu-lung-danh-conan-tap-6-p262304766.html?spid=262304769,Tiki,Truyện tranh/Manga,False
262303861,Thám Tử Lừng Danh Conan - Tập 8,24500.0,5.0,72,https://tiki.vn/tham-tu-lung-danh-conan-tap-8-p262303861.html?spid=262303864,Tiki,Truyện tranh/Manga,False
253366263,Doraemon - Chú Mèo Máy Đến Từ Tương Lai Tập 9 (Tái Bản),23750.0,5.0,47,https://tiki.vn/doraemon-chu-meo-may-den-tu-tuong-lai-tap-9-tai-ban-2023-p253366263.html?spid=253366265,Tiki,Truyện tranh/Manga,False
249025946,"Doraemon - Phiên Bản Điện Ảnh Màu - Ấn Bản Đầy Đủ Ngoại Truyện: Đêm Trước Đám Cưới Nobita, Kỉ Niệm Về Bà [Tái Bản 2023]",58000.0,5.0,19,https://tiki.vn/doraemon-phien-ban-dien-anh-mau-an-ban-day-du-ngoai-truyen-dem-truoc-dam-cuoi-nobita-ki-niem-ve-ba-tai-ban-2023-p249025946.html?spid=249025949,Tiki,Truyện tranh/Manga,False
243023702,Doraemon - Chú Mèo Máy Đến Từ Tương Lai Tập 33 (Tái Bản),23750.0,5.0,26,https://tiki.vn/doraemon-chu-meo-may-den-tu-tuong-lai-tap-33-tai-ban-2023-p243023702.html?spid=243023707,Tiki,Truyện tranh/Manga,False
197214004,Combo Magic Kaito (5 Cuốn) (Tái Bản 2022),168000.0,5.0,141,https://tiki.vn/combo-magic-kaito-5-cuon-tai-ban-2022-p197214004.html?spid=197214006,Tiki,Truyện tranh/Manga,False
197212989,Magic Kaito Tập 1 (Tái Bản 2022),33250.0,5.0,51,https://tiki.vn/magic-kaito-tap-1-tai-ban-2022-p197212989.html?spid=197212990,Tiki,Truyện tranh/Manga,False
186267247,Shaman King 11,35000.0,5.0,298,https://tiki.vn/shaman-king-11-p186267247.html?spid=186267249,Tiki,Truyện tranh/Manga,False
63554358,Combo Thám Tử Lừng Danh Conan: Hoa Hướng Dương Trong Biển Lửa (2 Tập),117000.0,4.7,139,https://tiki.vn/combo-tham-tu-lung-danh-conan-hoa-huong-duong-trong-bien-lua-2-tap-p63554358.html?spid=63554359,Tiki,Truyện tranh/Manga,False
63554343,Combo Thám Tử Lừng Danh Conan: Cuộc Điều Tra Giữa Biển Khơi (2 Tập),114000.0,5.0,102,https://tiki.vn/combo-tham-tu-lung-danh-conan-cuoc-dieu-tra-giua-bien-khoi-2-tap-p63554343.html?spid=63554346,Tiki,Truyện tranh/Manga,False
50477553,Combo Thám Tử Lừng Danh Conan Tập 31 - 40 (Bộ 10 cuốn),240000.0,5.0,958,https://tiki.vn/combo-tham-tu-lung-danh-conan-tap-31-40-bo-10-cuon-p50477553.html?spid=58806028,Tiki,Truyện tranh/Manga,False
49884647,Combo Thám Tử Lừng Danh Conan Tập 11 - 20 (Bộ 10 cuốn),240000.0,5.0,986,https://tiki.vn/combo-tham-tu-lung-danh-conan-tap-11-20-bo-10-cuon-p49884647.html?spid=58806026,Tiki,Truyện tranh/Manga,False
48963465,Fullmetal Alchemist - Cang Giả Kim Thuật Sư - Fullmetal Edition Tập 3,71250.0,5.0,1356,https://tiki.vn/llmetal-alchemist-cang-gia-kim-thuat-su-fullmetal-edition-tap-3-p48963465.html?spid=48963466,Tiki,Truyện tranh/Manga,False
279444186,OpenClaw : Ứng Dụng AI Tự Động Hóa Trong Công Việc,161400.0,4.7,71,https://tiki.vn/openclaw-ung-dung-ai-tu-dong-hoa-trong-cong-viec-p279444186.html?spid=279447217,Tiki,Mỹ phẩm,False
279082152,Sách Dốc Hết Trái Tim - Cách Starbucks Xây Dựng Công Ty Bằng Từng Tách Cà Phê,145000.0,4.8,12,https://tiki.vn/sach-doc-het-trai-tim-cach-starbucks-xay-dung-cong-ty-bang-tung-tach-ca-phe-tai-ban-2018-p279082152.html?spid=279082155,Tiki,Mỹ phẩm,False
277400773,"Sách Bá chủ AI - Trí tuệ nhân tạo ChatGPT, và cuộc chạy đua thay đổi thế giới",207130.0,4.5,168,https://tiki.vn/sach-ba-chu-ai-tri-tue-nhan-tao-chatgpt-va-cuoc-chay-dua-thay-doi-the-gioi-p277400773.html?spid=277400774,Tiki,Mỹ phẩm,False
277361862,Sách Kỹ thuật đặt câu lệnh cho ChatGPT,117100.0,4.8,652,https://tiki.vn/sach-ky-thuat-dat-cau-lenh-cho-chatgpt-p277361862.html?spid=277361864,Tiki,Mỹ phẩm,False
276642618,Sách Tuần Làm Việc 4 Giờ (Tái Bản),96000.0,4.8,297,https://tiki.vn/sach-tuan-lam-viec-4-gio-tai-ban-p276642618.html?spid=276642621,Tiki,Mỹ phẩm,False
275875006,Sách Tăng Tốc Bán Hàng Bằng SPIN,107400.0,4.5,183,https://tiki.vn/sach-tang-toc-ban-hang-bang-spin-p275875006.html?spid=275875009,Tiki,Mỹ phẩm,False
275702538,Sách Chat GPT Thực Chiến,110600.0,4.7,3540,https://tiki.vn/sach-chat-gpt-thuc-chien-p275702538.html?spid=275702540,Tiki,Mỹ phẩm,False
274807860,Combo 2 Cuốn Building A Second Brain - Thiết Lập Bộ Não Thứ 2 & The PARA Method - Phương Pháp Tổ Chức Thông Tin Trong Công Việc,169000.0,4.6,250,https://tiki.vn/combo-2-cuon-building-a-second-brain-thiet-lap-bo-nao-thu-2-the-para-method-phuong-phap-to-chuc-thong-tin-trong-cong-viec-p274807860.html?spid=274807861,Tiki,Mỹ phẩm,False
273316208,Sách Nguyên Lý 80/20 - Bí Quyết Làm Ít Được Nhiều (Tái Bản,111000.0,4.7,658,https://tiki.vn/sach-nguyen-ly-80-20-bi-quyet-lam-it-duoc-nhieu-p273316208.html?spid=273316211,Tiki,Mỹ phẩm,False
273273784,Sách Những Nguyên Tắc Để Giàu Có,115200.0,4.5,36,https://tiki.vn/sach-nhung-nguyen-tac-de-giau-co-p273273784.html?spid=273273787,Tiki,Mỹ phẩm,False
273114486,Sách Quản Lý Công Việc Hiệu Quả Theo Phương Pháp Horenso,63300.0,5.0,56,https://tiki.vn/sach-quan-ly-cong-viec-hieu-qua-theo-phuong-phap-horenso-p273114486.html?spid=273114487,Tiki,Mỹ phẩm,False
272349551,Sách Cú hích - Phiên bản cuối cùng (Tái bản),152460.0,5.0,317,https://tiki.vn/sach-cu-hich-phien-ban-cuoi-cung-tai-ban-p272349551.html?spid=272349554,Tiki,Mỹ phẩm,False
271118010,Sách Giao Tiếp Bất Bạo Động (Nonviolent Communication),105000.0,5.0,2378,https://tiki.vn/sach-giao-tiep-bat-bao-dong-nonviolent-communication-p271118010.html?spid=271118013,Tiki,Mỹ phẩm,False
270850449,Sách Mọi Chuyện Đều Là Sự An Bài Tốt Nhất,90300.0,5.0,213,https://tiki.vn/sach-moi-chuyen-deu-la-su-an-bai-tot-nhat-p270850449.html?spid=270850450,Tiki,Mỹ phẩm,False
205010302,Sách Đọc vị bất kỳ ai - Để không bị lợi dụng (Tái bản),78700.0,5.0,2275,https://tiki.vn/sach-doc-vi-bat-ky-ai-de-khong-bi-loi-dung-tai-ban-p205010302.html?spid=205010303,Tiki,Mỹ phẩm,False
200851515,"Sách Dọn đường tâm lý, thuyết phục chắc thắng",133000.0,5.0,124,https://tiki.vn/sach-don-duong-tam-ly-thuyet-phuc-chac-thang-p200851515.html?spid=200851516,Tiki,Mỹ phẩm,False
164921979,Sách Câu Hỏi Là Câu Trả Lời (Tái Bản),43400.0,5.0,922,https://tiki.vn/sach-cau-hoi-la-cau-tra-loi-tai-ban-p164921979.html?spid=164921981,Tiki,Mỹ phẩm,False
153045603,Sách Người Giỏi Không Phải Là Người Làm Tất Cả (Tái Bản 2021),44660.0,5.0,4029,https://tiki.vn/sach-nguoi-gioi-khong-phai-la-nguoi-lam-tat-ca-tai-ban-2021-p153045603.html?spid=153045604,Tiki,Mỹ phẩm,False
150838230,Sách Everybody Writes - Ai Rồi Cũng Viết (Cuốn Cẩm Nang Giúp Bạn Viết Content “Chất Như Nước Cất”),118200.0,5.0,1031,https://tiki.vn/sach-everybody-writes-ai-roi-cung-viet-cuon-cam-nang-giup-ban-viet-content-chat-nhu-nuoc-cat-p150838230.html?spid=150838231,Tiki,Mỹ phẩm,False
78975610,Sách Siêu Tập Trung (Tái Bản),107800.0,4.8,2014,https://tiki.vn/sach-sieu-tap-trung-tai-ban-p78975610.html?spid=78975611,Tiki,Mỹ phẩm,False
77109209,Sách Nghệ Thuật Đánh Cắp Ý Tưởng (10 Bí Mật Không Ai Nói Với Bạn Về Sáng Tạo),67300.0,4.8,3713,https://tiki.vn/sach-nghe-thuat-danh-cap-y-tuong-10-bi-mat-khong-ai-noi-voi-ban-ve-sang-tao-p77109209.html?spid=77109210,Tiki,Mỹ phẩm,False
67991602,Sách Đừng Làm Việc Chăm Chỉ Hãy Làm Việc Thông Minh,139000.0,4.8,11035,https://tiki.vn/sach-dung-lam-viec-cham-chi-hay-lam-viec-thong-minh-p67991602.html?spid=67991603,Tiki,Mỹ phẩm,False
53728878,Sách Tối Đa Hóa Hiệu Suất Công Việc – Việc 12 Tháng Làm Trong 12 Tuần,123000.0,4.7,1808,https://tiki.vn/sach-toi-da-hoa-hieu-suat-cong-viec-viec-12-thang-lam-trong-12-tuan-p53728878.html?spid=54056505,Tiki,Mỹ phẩm,False
42742283,Sách Sử Dụng Trí Nhớ Của Bạn - Use Your Memory (Tái Bản),175000.0,5.0,309,https://tiki.vn/sach-su-dung-tri-nho-cua-ban-use-your-memory-tai-ban-p42742283.html?spid=42742284,Tiki,Mỹ phẩm,False
41092629,Cuốn Sách Tư Duy - Kỹ Năng Kinh Doanh Cực Hay: Binh Pháp Tôn Tử Trong Kinh Doanh / Tặng Kèm Bookmark Happy Life,107500.0,4.6,146,https://tiki.vn/cuon-sach-tu-duy-ky-nang-kinh-doanh-cuc-hay-binh-phap-ton-tu-trong-kinh-doanh-tang-kem-bookmark-happy-life-p41092629.html?spid=41092630,Tiki,Mỹ phẩm,False
14684312,Sách Dấn Thân (Tái Bản),88000.0,5.0,8821,https://tiki.vn/sach-dan-than-tai-ban-p14684312.html?spid=14684313,Tiki,Mỹ phẩm,False
12138656,Sách Nghệ Thuật Tư Duy Chiến Lược,162400.0,4.8,4024,https://tiki.vn/sach-nghe-thuat-tu-duy-chien-luoc-p12138656.html?spid=12138657,Tiki,Mỹ phẩm,False
10866297,Sách Các Cuộc Chiến Tranh Tiền Tệ (Tái Bản),123000.0,4.8,2640,https://tiki.vn/sach-cac-cuoc-chien-tranh-tien-te-tai-ban-p10866297.html?spid=10866298,Tiki,Mỹ phẩm,False
10227722,Sách 45 Giây Tạo Nên Thay Đổi - Thấu Hiểu Tiếp Thị Mạng Lưới,64000.0,4.8,12234,https://tiki.vn/sach-45-giay-tao-nen-thay-doi-thau-hieu-tiep-thi-mang-luoi-p10227722.html?spid=10227723,Tiki,Mỹ phẩm,False
7958959,Sách 5 Điểm Chết Trong Teamwork,87780.0,4.8,2946,https://tiki.vn/sach-5-diem-chet-trong-teamwork-p7958959.html?spid=7958960,Tiki,Mỹ phẩm,False
6512113,Sách Người Dám Cho Đi - Bán Được Nhiều Hơn,106000.0,4.8,2244,https://tiki.vn/sach-nguoi-dam-cho-di-ban-duoc-nhieu-hon-p6512113.html?spid=6512115,Tiki,Mỹ phẩm,False
3102749,Sách Bất Động Sản Căn Bản (Tái Bản 2018),124300.0,4.7,2718,https://tiki.vn/sach-bat-dong-san-can-ban-tai-ban-2018-p3102749.html?spid=3147817,Tiki,Mỹ phẩm,False
2473637,Sách Thịnh Vượng Tài Chính Tuổi 30 - Tập 2 (Tái Bản),70000.0,4.5,52,https://tiki.vn/sach-thinh-vuong-tai-chinh-tuoi-30-tap-2-tai-ban-p2473637.html?spid=2476719,Tiki,Mỹ phẩm,False
2316589,Sách Siêu Dự Báo,148800.0,4.3,1099,https://tiki.vn/sach-sieu-du-bao-p2316589.html?spid=2337713,Tiki,Mỹ phẩm,False
1938895,Sách Nghệ Thuật PR Bản Thân (Tái Bản 2018),69000.0,4.7,4724,https://tiki.vn/sach-nghe-thuat-pr-ban-than-tai-ban-2018-p1938895.html?spid=1939041,Tiki,Mỹ phẩm,False
1750249,Sách Phân Tích Chứng Khoán,324200.0,4.7,10478,https://tiki.vn/sach-phan-tich-chung-khoan-p1750249.html?spid=1750251,Tiki,Mỹ phẩm,True
1085104,Sách Nghệ Thuật Đàm Phán Đỉnh Cao,101200.0,4.5,898,https://tiki.vn/sach-nghe-thuat-dam-phan-dinh-cao-p1085104.html?spid=1085218,Tiki,Mỹ phẩm,False
1000276,Sách Phát Triển Kỹ Năng Lãnh Đạo (Tái Bản),121800.0,4.8,2417,https://tiki.vn/sach-phat-trien-ky-nang-lanh-dao-tai-ban-p1000276.html?spid=1000374,Tiki,Mỹ phẩm,False
279288070,Range - Sức Mạnh Của Tư Duy Đa Lĩnh Vực - David Epstein,138100.0,5.0,29,https://tiki.vn/range-suc-manh-cua-tu-duy-da-linh-vuc-david-epstein-p279288070.html?spid=279291235,Tiki,Mỹ phẩm,False
278631534,Tư Duy Có Tổ Chức - Phương Pháp Hiệu Quả Trong Điều Hướng Dòng Chảy Thông Tin - Alpha Books,187100.0,4.8,57,https://tiki.vn/tu-duy-co-to-chuc-phuong-phap-hieu-qua-trong-dieu-huong-dong-chay-thong-tin-alpha-books-p278631534.html?spid=278791935,Tiki,Mỹ phẩm,False
278462795,Sách Năng suất nhanh và chậm,127600.0,4.5,101,https://tiki.vn/sach-nang-suat-nhanh-va-cham-p278462795.html?spid=278462796,Tiki,Mỹ phẩm,False
278098972,"Sách Nỗ Lực Từng Chút, Ngòi Bút Nở Hoa",117660.0,4.7,93,https://tiki.vn/sach-no-luc-tung-chut-ngoi-but-no-hoa-p278098972.html?spid=278098973,Tiki,Mỹ phẩm,False
278035268,Sách Ứng Dụng AI Trong Công Việc,156400.0,4.5,187,https://tiki.vn/sach-ung-dung-ai-trong-cong-viec-p278035268.html?spid=278035271,Tiki,Mỹ phẩm,False
277313227,Sách Tứ Thư Lãnh Đạo - Thuật Xử Thế,158200.0,4.7,19,https://tiki.vn/sach-tu-thu-lanh-dao-thuat-xu-the-p277313227.html?spid=277313230,Tiki,Mỹ phẩm,False
276509008,Sách Ra Quyết Định Dựa Trên Phân Tích Dữ Liệu,92300.0,4.6,214,https://tiki.vn/sach-ra-quyet-dinh-dua-tren-phan-tich-du-lieu-p276509008.html?spid=276509009,Tiki,Mỹ phẩm,False
275909699,Sách Bắt Đầu Với Câu Hỏi Tại Sao - Nghệ Thuật Truyền Cảm Hứng Trong Kinh Doanh,95900.0,4.8,562,https://tiki.vn/sach-bat-dau-voi-cau-hoi-tai-sao-nghe-thuat-truyen-cam-hung-trong-kinh-doanh-p275909699.html?spid=275909706,Tiki,Mỹ phẩm,False
274875194,Trò Chơi Quyền Lực Tại Nơi Làm Việc - Vanlangbooks,68600.0,5.0,7,https://tiki.vn/tro-choi-quyen-luc-tai-noi-lam-viec-vanlangbooks-p274875194.html?spid=274875201,Tiki,Mỹ phẩm,False
274807858,Sách Brain On! Rèn Luyện Tâm Trí Trong Công Việc,76000.0,5.0,24,https://tiki.vn/sach-brain-on-ren-luyen-tam-tri-trong-cong-viec-p274807858.html?spid=274807859,Tiki,Mỹ phẩm,False
274733053,Tham Vọng Vĩ Đại - 6 Nguyên Tắc Điều Hướng Tham Vọng Để Có Một Cuộc Sống Tốt Đẹp Hơn,129560.0,5.0,177,https://tiki.vn/tham-vong-vi-dai-6-nguyen-tac-dieu-huong-tham-vong-de-co-mot-cuoc-song-tot-dep-hon-p274733053.html?spid=274733054,Tiki,Mỹ phẩm,False
274630374,"Không Đọc Sách Này, Chụp Xấu Đừng Buồn",97000.0,4.8,76,https://tiki.vn/khong-doc-sach-nay-chup-xau-dung-buon-p274630374.html?spid=278323387,Tiki,Mỹ phẩm,False
273273816,Sách Những Quy Tắc Trong Công Việc,115200.0,4.5,83,https://tiki.vn/sach-nhung-quy-tac-trong-cong-viec-p273273816.html?spid=273273819,Tiki,Mỹ phẩm,False
272000446,"Sách Dọn Dẹp Công Việc, Gọn Gàng Tâm Trí",83400.0,0.0,0,https://tiki.vn/sach-don-dep-cong-viec-gon-gang-tam-tri-p272000446.html?spid=274031910,Tiki,Mỹ phẩm,False
272000442,Sách Thiên Đường Và Địa Ngục,78700.0,4.8,150,https://tiki.vn/sach-thien-duong-va-dia-nguc-p272000442.html?spid=272000443,Tiki,Mỹ phẩm,False
263066292,Chat GPT - Ứng Dụng Trí Tuệ Nhân Tạo Trong Công Việc,126750.0,4.1,538,https://tiki.vn/chat-gpt-ung-dung-tri-tue-nhan-tao-trong-cong-viec-p263066292.html?spid=263066293,Tiki,Mỹ phẩm,False
245787181,Sách Đam mê tìm kiếm khách hàng tiềm năng: Mở ra đối thoại và giành được thương vụ,121000.0,4.5,155,https://tiki.vn/sach-dam-me-tim-kiem-khach-hang-tiem-nang-mo-ra-doi-thoai-va-gianh-duoc-thuong-vu-p245787181.html?spid=245787182,Tiki,Mỹ phẩm,False
241899630,Sách Những Quy Tắc Trong Quản Lý,100000.0,5.0,78,https://tiki.vn/sach-nhung-quy-tac-trong-quan-ly-p241899630.html?spid=241899632,Tiki,Mỹ phẩm,False
222607393,Bản Đồ Chiến Lược - Strategy Maps,199750.0,5.0,18,https://tiki.vn/ban-do-chien-luoc-strategy-maps-p222607393.html?spid=222607394,Tiki,Mỹ phẩm,False
203937562,Bí Quyết Đọc Sách 2.000 Từ/Phút,271700.0,5.0,727,https://tiki.vn/bi-quyet-doc-sach-2-000-tu-phut-p203937562.html?spid=203937563,Tiki,Mỹ phẩm,False
201383195,"Peter Drucker - Tư Duy Đúng, Quản Lý Đúng",79500.0,5.0,67,https://tiki.vn/peter-drucker-tu-duy-dung-quan-ly-dung-p201383195.html?spid=201383196,Tiki,Mỹ phẩm,False
189336449,Sách Xây Dựng Để Trường Tồn - Các Thói Quen Thành Công Của Những Tập Đoàn Vĩ Đại Và Hàng Đầu Thế Giới,157000.0,5.0,699,https://tiki.vn/sach-xay-dung-de-truong-ton-cac-thoi-quen-thanh-cong-cua-nhung-tap-doan-vi-dai-va-hang-dau-the-gioi-p189336449.html?spid=189336454,Tiki,Mỹ phẩm,False
170708223,Sách 17 Nguyên Tắc Vàng Trong Làm Việc Nhóm,71600.0,4.8,527,https://tiki.vn/sach-17-nguyen-tac-vang-trong-lam-viec-nhom-p170708223.html?spid=170708224,Tiki,Mỹ phẩm,False
138226289,Sách Storytelling With Data: Let’S Practice! - Thực Hành Kể Chuyện Thông Qua Dữ Liệu!,259400.0,5.0,2691,https://tiki.vn/sach-storytelling-with-data-let-s-practice-thuc-hanh-ke-chuyen-thong-qua-du-lieu-p138226289.html?spid=138226290,Tiki,Mỹ phẩm,False
85396173,Sách Dự Án Kỳ Lân,161400.0,4.8,491,https://tiki.vn/sach-du-an-ky-lan-p85396173.html?spid=85396174,Tiki,Mỹ phẩm,False
73166878,Sách Tái Tạo Mô Hình Kinh Doanh Hiệu Quả,89400.0,5.0,240,https://tiki.vn/sach-tai-tao-mo-hinh-kinh-doanh-hieu-qua-p73166878.html?spid=73166880,Tiki,Mỹ phẩm,False
60863030,"Sách Think And Grow Rich - 16 Nguyên Tắc Nghĩ Giàu, Làm Giàu Trong Thế Kỉ 21",133000.0,4.7,611,https://tiki.vn/sach-think-and-grow-rich-16-nguyen-tac-nghi-giau-lam-giau-trong-the-ki-21-p60863030.html?spid=60863032,Tiki,Mỹ phẩm,False
57762732,Sách Nhà Đầu Tư Thông Minh (Tái Bản),272350.0,4.8,875,https://tiki.vn/sach-nha-dau-tu-thong-minh-tai-ban-p57762732.html?spid=68521156,Tiki,Mỹ phẩm,False
49204092,"Sách Tái Tạo Tổ Chức: Phá Vỡ Rào Cản, Thổi Bùng Sinh Khí (Tái Bản)",146300.0,4.8,6724,https://tiki.vn/sach-tai-tao-to-chuc-pha-vo-rao-can-thoi-bung-sinh-khi-tai-ban-p49204092.html?spid=49204094,Tiki,Mỹ phẩm,False
34935355,Sách Đầu Tư - Kế Hoạch 12 Tháng Đến Với Tự Do Tài Chính,141000.0,4.6,533,https://tiki.vn/sach-dau-tu-ke-hoach-12-thang-den-voi-tu-do-tai-chinh-p34935355.html?spid=34935356,Tiki,Mỹ phẩm,False
34454430,Sách Tăng Trưởng Thần Tốc,121660.0,4.7,1902,https://tiki.vn/sach-tang-truong-than-toc-p34454430.html?spid=34454431,Tiki,Mỹ phẩm,False
33492447,Sách Mục Tiêu,159700.0,4.7,2317,https://tiki.vn/sach-muc-tieu-p33492447.html?spid=33492448,Tiki,Mỹ phẩm,False
32543726,Sách Dạy Con Dùng Tiền (Tái Bản),61000.0,5.0,676,https://tiki.vn/sach-day-con-dung-tien-tai-ban-p32543726.html?spid=32543728,Tiki,Mỹ phẩm,False
32314551,"Không Đọc Sách Này, Chụp Xấu Đừng Buồn !",117300.0,0.0,22,https://tiki.vn/khong-doc-sach-nay-chup-xau-dung-buon-p32314551.html?spid=270801280,Tiki,Mỹ phẩm,False
10192047,Sách Hình Ảnh Của Bạn Đáng Giá Triệu Đô ( Tái Bản 2019),85000.0,4.7,2639,https://tiki.vn/sach-hinh-anh-cua-ban-dang-gia-trieu-do-tai-ban-2019-p10192047.html?spid=10867647,Tiki,Mỹ phẩm,False
7718735,Sách Nhà Đầu Tư Thông Minh (Tái Bản),271350.0,4.8,1063,https://tiki.vn/sach-nha-dau-tu-thong-minh-tai-ban-p7718735.html?spid=9496112,Tiki,Mỹ phẩm,False
3083805,Sách Kinh Tế Thành Viên,133500.0,3.9,398,https://tiki.vn/sach-kinh-te-thanh-vien-p3083805.html?spid=3155765,Tiki,Mỹ phẩm,False
2542273,Sách Những Bố Già Châu Á (Tái Bản 2018),135200.0,4.6,737,https://tiki.vn/sach-nhung-bo-gia-chau-a-tai-ban-2018-p2542273.html?spid=2567535,Tiki,Mỹ phẩm,False
1999163,Sách Tối Đa Hóa Năng Lực Bản Thân (Tái Bản),80000.0,4.3,1136,https://tiki.vn/sach-toi-da-hoa-nang-luc-ban-than-tai-ban-p1999163.html?spid=1999165,Tiki,Mỹ phẩm,False
1053642,Sách Sức Mạnh Của Việc Đặt Câu Hỏi Tại Sao,71700.0,4.6,1308,https://tiki.vn/sach-suc-manh-cua-viec-dat-cau-hoi-tai-sao-p1053642.html?spid=1053674,Tiki,Mỹ phẩm,False
278730514,Làm Việc Với Người Khó Chịu - Vanlangbooks,105000.0,0.0,1,https://tiki.vn/lam-viec-voi-nguoi-kho-chiu-vanlangbooks-p278730514.html?spid=278730515,Tiki,Mỹ phẩm,False
278089724,Sách AI Tạo Sinh,143300.0,4.7,90,https://tiki.vn/sach-ai-tao-sinh-p278089724.html?spid=278089726,Tiki,Mỹ phẩm,False
276713390,Sách Sức Mạnh Của Tư Duy Hình Ảnh,122100.0,0.0,34,https://tiki.vn/sach-suc-manh-cua-tu-duy-hinh-anh-p276713390.html?spid=276713392,Tiki,Mỹ phẩm,False
276048853,Thay đổi tư duy (Mind Shift) - Erwin Raphael McManus - PACE Books,155000.0,0.0,36,https://tiki.vn/thay-doi-tu-duy-mind-shift-erwin-raphael-mcmanus-pace-books-p276048853.html?spid=276048854,Tiki,Mỹ phẩm,False
275060789,Sách - Nghệ thuật kiêng khem tin tức - Bí kíp sinh tồn thời kỹ thuật số - Nhã Nam Official,115200.0,0.0,1,https://tiki.vn/sach-nghe-thuat-kieng-khem-tin-tuc-bi-kip-sinh-ton-thoi-ky-thuat-so-nha-nam-official-p275060789.html?spid=275060790,Tiki,Mỹ phẩm,False
274949989,Sách Làm Việc Bằng Tâm Phật,106000.0,5.0,13,https://tiki.vn/sach-lam-viec-bang-tam-phat-p274949989.html?spid=274949991,Tiki,Mỹ phẩm,False
274807852,Sách The PARA Method - Phương Pháp Tổ Chức Thông Tin Trong Công Việc,63300.0,4.8,142,https://tiki.vn/sach-the-para-method-phuong-phap-to-chuc-thong-tin-trong-cong-viec-p274807852.html?spid=274807854,Tiki,Mỹ phẩm,False
274455494,Sách Storytelling With You – Kể Chuyện Từ Chính Bạn,267300.0,5.0,170,https://tiki.vn/sach-storytelling-with-you-ke-chuyen-tu-chinh-ban-p274455494.html?spid=274455495,Tiki,Mỹ phẩm,False
274146594,Combo 3 Cuốn Quản Trị Bằng Văn Hóa + Sư Phạm Khai Phóng + Đúng Việc - Giản Tư Trung,510000.0,0.0,25,https://tiki.vn/combo-3-cuon-quan-tri-bang-van-hoa-su-pham-khai-phong-dung-viec-gian-tu-trung-p274146594.html?spid=274146595,Tiki,Mỹ phẩm,True
271144909,Sách Thoát Khỏi Mối Quan Hệ Độc Hại,75000.0,0.0,24,https://tiki.vn/sach-thoat-khoi-moi-quan-he-doc-hai-p271144909.html?spid=271144910,Tiki,Mỹ phẩm,False
270717881,Chat GPT - Ứng Dụng Trí Tuệ Nhân Tạo Trong Công Việc,169000.0,0.0,3,https://tiki.vn/chat-gpt-ung-dung-tri-tue-nhan-tao-trong-cong-viec-p270717881.html?spid=270717882,Tiki,Mỹ phẩm,False
270660559,Sách Ai Che Lưng Cho Bạn,114000.0,4.8,236,https://tiki.vn/sach-ai-che-lung-cho-ban-p270660559.html?spid=270660562,Tiki,Mỹ phẩm,False
263294847,Tư Duy Pháp Lý Của Luật Sư,215800.0,5.0,24,https://tiki.vn/tu-duy-phap-ly-cua-luat-su-p263294847.html?spid=274961478,Tiki,Mỹ phẩm,False
263066347,Chat GPT - Ứng Dụng Trí Tuệ Nhân Tạo Trong Công Việc,126750.0,4.0,206,https://tiki.vn/chat-gpt-ung-dung-tri-tue-nhan-tao-trong-cong-viec-p263066347.html?spid=263066348,Tiki,Mỹ phẩm,False
247878730,Phát Triển Kỹ Năng Lãnh Đạo (*** Sách Bản Quyền ***),152000.0,0.0,3,https://tiki.vn/phat-trien-ky-nang-lanh-dao-sach-ban-quyen-p247878730.html?spid=263566904,Tiki,Mỹ phẩm,False
247264724,Những Đòn Tâm Lý Trong Thuyết Phục,194000.0,5.0,37,https://tiki.vn/nhung-don-tam-ly-trong-thuyet-phuc-p247264724.html?spid=262017155,Tiki,Mỹ phẩm,False
221229411,Sách Trở Thành Phiên Bản Tốt Hơn Của Chính Mình,60800.0,4.8,111,https://tiki.vn/sach-tro-thanh-phien-ban-tot-hon-cua-chinh-minh-p221229411.html?spid=221229412,Tiki,Mỹ phẩm,False
214160510,Sách Thấu Hiểu Khách Hàng,173600.0,4.7,691,https://tiki.vn/sach-thau-hieu-khach-hang-p214160510.html?spid=214160512,Tiki,Mỹ phẩm,False
197655112,Sách Bản Đồ Tư Duy Trong Thuyết Trình (Tái bản 2022),60325.0,4.7,133,https://tiki.vn/sach-ban-do-tu-duy-trong-thuyet-trinh-tai-ban-2022-p197655112.html?spid=197655114,Tiki,Mỹ phẩm,False
193439380,Sách Đội Nhóm Trong Mơ,73150.0,4.7,141,https://tiki.vn/sach-doi-nhom-trong-mo-p193439380.html?spid=193439381,Tiki,Mỹ phẩm,False
70650709,Sách Nghệ Thuật Thăng Tiến Nơi Công Sở - 32 Kỹ Năng Giúp Bạn Thành Công Trong Bất Cứ Doanh Nghiệp Nào,110500.0,4.8,41,https://tiki.vn/sach-nghe-thuat-thang-tien-noi-cong-so-32-ky-nang-giup-ban-thanh-cong-trong-bat-cu-doanh-nghiep-nao-p70650709.html?spid=74153177,Tiki,Mỹ phẩm,False
63448617,"Sách Định Giá Thông Minh, Chinh Phục Người Dùng",164000.0,5.0,12,https://tiki.vn/sach-dinh-gia-thong-minh-chinh-phuc-nguoi-dung-p63448617.html?spid=63448618,Tiki,Mỹ phẩm,False
63448530,Sách Những Nguyên Tắc Định Giá Sản Phẩm Thỏa Mãn Người Dùng,121500.0,4.0,32,https://tiki.vn/sach-nhung-nguyen-tac-dinh-gia-san-pham-thoa-man-nguoi-dung-p63448530.html?spid=63448531,Tiki,Mỹ phẩm,False
48587150,Sách : Dream Teams – Đội nhóm trong mơ,154160.0,0.0,17,https://tiki.vn/sach-dream-teams-doi-nhom-trong-mo-p48587150.html?spid=164092011,Tiki,Mỹ phẩm,False
32002185,Nghệ Thuật Đàm Phán Đỉnh Cao - Crucial Conversations (Tặng Kèm Notebook tự thiết kế),149000.0,0.0,1,https://tiki.vn/nghe-thuat-dam-phan-dinh-cao-crucial-conversations-tang-kem-notebook-tu-thiet-ke-p32002185.html?spid=277134865,Tiki,Mỹ phẩm,False
14683083,Sách Nhượng Quyền Khỏi Nghiệp - Con Đường Ngắn Để Bước Ra Thế Giới (Tái Bản),123000.0,4.8,1447,https://tiki.vn/sach-nhuong-quyen-khoi-nghiep-con-duong-ngan-de-buoc-ra-the-gioi-tai-ban-p14683083.html?spid=14683084,Tiki,Mỹ phẩm,False
14453290,"Sách Bản Đồ Chiến Lược (Strategy Maps) - Robert S. Kaplan, David P. Norton - PACE Books",216200.0,5.0,819,https://tiki.vn/sach-ban-do-chien-luoc-strategy-maps-robert-s-kaplan-david-p-norton-pace-books-p14453290.html?spid=50931320,Tiki,Mỹ phẩm,False
12141298,Sách Kotler Bàn Về Tiếp Thị (Tái Bản 2019),123000.0,4.8,750,https://tiki.vn/sach-kotler-ban-ve-tiep-thi-tai-ban-2019-p12141298.html?spid=12141299,Tiki,Mỹ phẩm,False
11227911,Sách Giữ Vững Thương Hiệu,88100.0,5.0,35,https://tiki.vn/sach-giu-vung-thuong-hieu-p11227911.html?spid=11227912,Tiki,Mỹ phẩm,False
10397239,Sách Chiến Lược Dữ Liệu,121660.0,4.7,1969,https://tiki.vn/sach-chien-luoc-du-lieu-p10397239.html?spid=10397240,Tiki,Mỹ phẩm,False
8011017,Sách Lý Thuyết Trò Chơi Và Ứng Dụng Trong Quản Trị - Kinh Doanh (Tái Bản 2018),87600.0,4.5,442,https://tiki.vn/sach-ly-thuyet-tro-choi-va-ung-dung-trong-quan-tri-kinh-doanh-tai-ban-2018-p8011017.html?spid=8011018,Tiki,Mỹ phẩm,False
5808777,Sách Bán Đảo Ả Rập: Tinh Thần Hồi Giáo Và Thảm Kịch Dầu Mỏ,131000.0,4.6,445,https://tiki.vn/sach-ban-dao-a-rap-tinh-than-hoi-giao-va-tham-kich-dau-mo-p5808777.html?spid=5808779,Tiki,Mỹ phẩm,False
5061485,Sách Bán Hàng Cho Những Gã Khổng Lồ,122500.0,4.5,289,https://tiki.vn/sach-ban-hang-cho-nhung-ga-khong-lo-p5061485.html?spid=5062195,Tiki,Mỹ phẩm,False
2917517,Sách Phong Cách Virgin,114800.0,4.6,238,https://tiki.vn/sach-phong-cach-virgin-p2917517.html?spid=2995809,Tiki,Mỹ phẩm,False
2407105,Sách Khiêu Vũ Với Áp Lực,125700.0,4.5,300,https://tiki.vn/sach-khieu-vu-voi-ap-luc-p2407105.html?spid=2418125,Tiki,Mỹ phẩm,False
1747357,Sách Sức Mạnh Của Việc Đặt Câu Hỏi Đúng (Tái Bản 2018),84000.0,5.0,51,https://tiki.vn/sach-suc-manh-cua-viec-dat-cau-hoi-dung-tai-ban-2018-p1747357.html?spid=59556846,Tiki,Mỹ phẩm,False
1743865,Sách Giải Pháp Bán Hàng 4.0 (Tái bản 2018),55300.0,4.6,484,https://tiki.vn/sach-giai-phap-ban-hang-4-0-tai-ban-2018-p1743865.html?spid=1743867,Tiki,Mỹ phẩm,False
442032,Sách Tư Duy Đúng Cách - Tư Duy Khách Quan,23900.0,4.5,1255,https://tiki.vn/sach-tu-duy-dung-cach-tu-duy-khach-quan-p442032.html?spid=147974,Tiki,Mỹ phẩm,False
419127,Sách Thuật Đàm Phán,81100.0,5.0,1275,https://tiki.vn/sach-thuat-dam-phan-p419127.html?spid=122566,Tiki,Mỹ phẩm,False
391666,Sách Kỹ Năng Học Tập Theo Phương Pháp Buzan (Tái Bản 2014),169000.0,4.8,1460,https://tiki.vn/sach-ky-nang-hoc-tap-theo-phuong-phap-buzan-tai-ban-2014-p391666.html?spid=92516,Tiki,Mỹ phẩm,False
